Directorates,LCC Customer,Bin Type,Waste Type,Apr 08,May 08,Jun 08,Jul 08,Aug 08,Sep 08,Oct 08,Nov 08,Dec 08,Jan 09,Feb 09,Mar 09
AIRE ALMO,"NAVAGATION HOUSE, LEEDS SOUTH HOMES",1100L-C,Card,0.101,0.115,0.097,0.098,0.1,0.101,0.104,0.093,0.06,0.091,0.094,0.038
AIRE ALMO,"NAVAGATION HOUSE, LEEDS SOUTH HOMES",1100L-W,Gen Waste,0.565,0.481,0.396,0.547,0.434,0.415,0.408,0.402,0.551,0.411,0.358,0.49
AIRE ALMO,SWARCLIFFE NHO,1100L-C,Card,0.095,0.092,0.093,0.122,0.112,0.096,0.0,0.0,0.0,0.0,0.0,0.0
AIRE ALMO,SWARCLIFFE NHO,1100L-W,Gen Waste,0.361,0.218,0.197,0.254,0.218,0.199,0.284,0.209,0.264,0.217,0.0,0.0
AIRE ALMO,SWARCLIFFE NHO,660L-C,Card,,,,,,0.0,0.072,0.062,0.072,0.063,0.036,0.0
City Development,PUDSEY MARKETS,1100L-C,Card,0.552,0.468,1.061,1.143,1.122,1.208,0.81,0.888,2.935,1.326,1.085,0.895
City Development,PUDSEY MARKETS,1100L-W,Gen Waste,2.951,2.23,2.426,2.714,2.66,2.736,2.476,2.707,1.425,2.737,2.488,2.568
City Development,ARKITECTURAL DESIGN,1100L-C,Card,0.102,0.132,0.082,0.089,0.118,0.087,0.1,0.091,0.096,0.121,0.304,0.111
City Development,ARKITECTURAL DESIGN,1100L-W,Gen Waste,1.006,0.533,0.416,0.522,0.412,0.412,0.488,0.433,0.546,0.409,0.381,0.407
City Development,TAXI LICENSING,1100L-C,Card,0.095,0.121,0.106,0.086,0.107,0.077,0.12,0.076,0.068,0.089,0.067,0.123
City Development,TAXI LICENSING,1100L-W,Gen Waste,0.283,0.206,0.21,0.263,0.201,0.206,0.205,0.211,0.268,0.211,0.198,0.198
City Services,CROSSGATES CENTRE - YS231,1100L-C,Card,0.09,0.146,0.086,0.103,0.1,0.096,0.143,0.097,0.056,0.074,0.082,0.084
City Services,CROSSGATES CENTRE - YS231,1100L-W,Gen Waste,0.288,0.243,0.214,0.249,0.214,0.218,0.277,0.148,0.242,0.105,0.217,0.225
City Services,PALACE PROJECT - YS257,1100L-W,Gen Waste,0.239,0.234,0.202,0.256,0.215,0.207,0.199,0.0,0.0,0.0,0.0,0.0
City Services,MORLEY TOWN HALL 03060,1100L-C,Card,0.212,0.231,0.205,0.135,0.179,0.179,0.241,0.186,0.132,0.171,0.22,0.203
City Services,MORLEY TOWN HALL 03060,1100L-W,Gen Waste,0.449,0.579,0.418,0.397,0.52,0.404,0.385,0.34,0.334,0.53,0.402,0.394
City Services,PUDSEY TOWN HALL 03071,1100L-W,Gen Waste,0.802,0.54,0.603,0.678,0.703,0.588,0.672,0.501,0.421,0.48,0.354,0.393
City Services,PUDSEY TOWN HALL 03071,660L-C,Card,0.129,0.176,0.125,0.121,0.151,0.125,0.118,0.115,0.124,0.158,0.117,0.135
City Services,HENRY BARRAN CENTRE - YS240,1100L-C,Card,0.116,0.115,0.084,0.101,0.083,0.079,0.104,0.098,0.088,0.104,0.085,0.111
City Services,HENRY BARRAN CENTRE - YS240,1100L-W,Gen Waste,0.581,0.465,0.397,0.516,0.414,0.404,0.437,0.401,0.518,0.405,0.46,0.54
City Services,BANGLADESHI CENTRE - YS223,1100L-C,Card,0.111,0.131,0.098,0.088,0.114,0.094,0.081,0.079,0.095,0.111,0.05,0.091
City Services,BANGLADESHI CENTRE - YS223,1100L-W,Gen Waste,0.462,0.456,0.391,0.557,0.394,0.397,0.399,0.442,0.521,0.305,0.331,0.515
City Services,PAKISTANI CENTRE - YS256,1100L-C,Card,0.117,0.135,0.101,0.1,0.05,0.0,0.0,0.0,0.0,0.0,0.0,0.0
City Services,PRINCE PHILLIP CENTRE - YS258,1100L-C,Card,0.099,0.132,0.111,0.076,0.143,0.102,0.095,0.107,0.096,0.143,0.097,0.098
City Services,PRINCE PHILLIP CENTRE - YS258,1100L-W,Gen Waste,0.463,0.434,0.419,0.421,0.427,0.55,0.33,0.305,0.479,0.397,0.295,0.525
City Services,HAREHILLS PLACE COMMUNITY CENTRE,1100L-W,Gen Waste,0.226,0.234,0.204,0.248,0.219,0.225,0.2,0.191,0.263,0.207,0.167,0.231
City Services,OSMONDTHORPE OSC 03085,1100L-C,Card,0.09,0.134,0.102,0.08,0.085,0.089,0.117,0.086,0.054,0.106,0.086,0.108
City Services,OSMONDTHORPE OSC 03085,1100L-W,Gen Waste,0.587,0.47,0.41,0.507,0.43,0.376,0.407,0.431,0.529,0.403,0.393,0.536
City Services,MANDELA CENTRE,1100L-C,Card,0.11,0.118,0.093,0.093,0.115,0.094,0.084,0.12,0.114,0.095,0.088,0.101
City Services,MANDELA CENTRE,1100L-W,Gen Waste,0.445,0.466,0.409,0.395,0.503,0.51,0.33,0.424,0.544,0.736,0.412,0.405
City Services,RICHMOND HILL CENTRE - YS259,1100L-W,Gen Waste,0.28,0.228,0.227,0.272,0.193,0.207,0.204,0.207,0.271,0.204,0.209,0.239
City Services,RICHMOND HILL CENTRE - YS259,660L-W,Gen Waste,0.162,0.162,0.149,0.185,0.133,0.15,0.101,0.0,0.0,0.0,0.0,0.0
City Services,NOWELL MOUNT CENTRE - YS254,1100L-W,Gen Waste,0.288,0.236,0.212,0.249,0.202,0.216,0.048,0.151,0.197,0.224,0.205,0.212
City Services,SOUTH GIPTON CENTRE - YS263,1100L-W,Gen Waste,0.28,0.232,0.22,0.263,0.194,0.22,0.203,0.159,0.186,0.227,0.256,0.252
City Services,BOSTON SPA CENTRE - YS226,660L-W,Gen Waste,0.207,0.162,0.135,0.188,0.143,0.145,0.183,0.146,0.167,0.148,0.148,0.144
City Services,EBOR GARDENS COMM CENT- YS233,1100L-C,Card,0.1,0.129,0.073,0.098,0.104,0.099,0.097,0.069,0.079,0.103,0.078,0.115
City Services,EBOR GARDENS COMM CENT- YS233,1100L-W,Gen Waste,0.347,0.222,0.216,0.236,0.216,0.205,0.201,0.218,0.251,0.211,0.21,0.258
City Services,CIVIC HALL - CITY SERVICES DEPT,660L-C,Card,0.721,0.87,0.606,0.592,0.588,4.228,7.409,4.427,4.379,4.593,4.652,0.645
City Services,CIVIC HALL - CITY SERVICES DEPT,660L-W,Gen Waste,4.3,3.644,2.892,3.233,1.562,3.049,3.03,2.913,3.206,3.082,2.823,3.071
City Services,FIR TREE SCHOOL,1100L-W,Gen Waste,0.447,0.545,0.445,2.105,,0.0,0.0,0.0,0.0,0.0,0.0,0.0
City Services,LINCOLN GREEN YOUTH CENTRE,1100L-W,Gen Waste,0.285,0.242,0.211,0.268,0.197,0.2,0.23,0.208,0.262,0.197,0.175,0.242
City Services,WELFARE RIGHTS UNIT,1100L-W,Gen Waste,0.279,0.22,0.218,0.244,0.217,0.204,0.227,0.19,0.254,0.207,0.188,0.252
City Services,STANHOPE DRIVE YOUTH CENTRE,660L-W,Gen Waste,0.162,0.166,0.127,0.144,0.14,0.155,0.104,0.138,0.189,0.11,0.14,0.107
City Services,KNOWSTHORPE GATE SUPPORT SER 43390,1100L-C,Card,0.198,0.236,0.167,0.205,0.18,0.201,0.239,0.158,0.145,0.181,0.212,0.18
City Services,ALLERTON BYWATER CENTRE - YS220,360L-W,Gen Waste,0.175,0.176,0.126,0.122,0.124,0.121,0.139,0.109,0.093,0.11,0.113,0.123
City Services,AIREBOROUGH NEW ROADSIDE 03044,1100L-C,Card,0.196,0.149,0.21,0.184,0.177,0.089,0.0,0.0,0.0,0.0,0.0,0.0
City Services,AIREBOROUGH NEW ROADSIDE 03044,1100L-W,Gen Waste,0.277,0.184,0.217,0.198,0.192,0.108,0.0,0.0,0.0,0.0,0.0,0.0
City Services,YEADON TOWN HALL - AET149,1100L-C,Card,0.088,0.126,0.104,0.087,0.102,0.081,0.065,0.086,0.085,0.119,0.046,0.092
City Services,YEADON TOWN HALL - AET149,1100L-W,Gen Waste,0.465,0.443,0.426,0.417,0.403,0.517,0.411,0.417,0.472,0.403,0.421,0.518
City Services,TINGLEY YOUTH & COMMUNITY CENTRE,660L-W,Gen Waste,0.163,0.204,0.142,0.138,0.141,0.15,0.186,0.147,0.112,0.142,0.145,0.141
City Services,ST GABRIELS CENTRE - YS264,660L-W,Gen Waste,0.165,0.211,0.154,0.144,0.156,0.142,0.174,0.156,0.142,0.142,0.143,0.15
City Services,MIDDLETON PARK HIGHWAYS 03034,1100L-C,Card,0.369,0.51,0.329,0.342,0.332,0.337,0.553,0.447,0.329,0.446,0.473,0.502
City Services,MIDDLETON PARK HIGHWAYS 03034,1100L-W,Gen Waste,1.12,0.894,0.83,1.052,0.841,0.702,0.835,0.858,1.058,0.809,0.746,1.004
City Services,THORESBY HOUSE 03017,1100L-C,Card,0.393,0.5,0.35,0.342,0.486,3.24,4.04,3.137,4.055,4.328,4.189,0.458
City Services,THORESBY HOUSE 03017,1100L-W,Gen Waste,2.733,2.55,2.079,2.3,2.132,2.154,2.172,2.086,2.317,2.186,2.03,2.276
City Services,WESTON LANE CENTRE - YS272,1100L-W,Gen Waste,0.219,0.23,0.276,0.197,0.215,0.271,0.216,0.201,0.269,0.216,0.224,0.281
City Services,BELGRAVE HOUSE,1100L-C,Card,0.206,0.259,0.162,0.16,0.203,0.195,0.245,0.154,0.159,0.152,0.235,0.157
City Services,BELGRAVE HOUSE,1100L-W,Gen Waste,0.683,0.425,0.411,0.521,0.398,0.443,0.502,0.438,0.533,0.422,0.448,0.405
City Services,SOUTH LEEDS FLC,1100L-C,Card,0.089,0.14,0.097,0.096,0.107,0.085,0.102,0.073,0.08,0.125,0.081,0.092
City Services,SOUTH LEEDS FLC,1100L-W,Gen Waste,1.535,1.546,1.237,1.447,1.423,1.162,1.277,1.267,1.203,1.444,1.271,1.433
City Services,THE LEONARDO BUILDING 03020,1100L-C,Card,0.184,0.242,0.171,0.172,0.166,1.607,2.014,1.635,2.042,1.753,1.745,0.208
City Services,THE LEONARDO BUILDING 03020,1100L-W,Gen Waste,1.367,1.246,1.031,1.13,1.06,1.104,1.148,1.011,1.162,1.1,0.898,1.098
City Services,MERRION HOUSE,1100L-C,Card,0.404,0.498,0.389,0.381,0.35,0.354,0.513,0.39,0.691,0.348,0.39,0.357
City Services,MERRION HOUSE,1100L-W,Gen Waste,5.455,4.979,4.203,4.546,4.135,4.377,4.362,4.129,4.333,4.369,4.146,4.554
City Services,MERRION HOUSE,360L-C,Card,0.211,0.259,0.191,0.169,0.183,0.175,0.217,0.159,0.133,0.268,0.508,0.399
City Services,MERRION HOUSE,660L-C,Card,0.437,0.524,0.334,0.355,0.364,0.368,0.459,0.349,0.279,0.508,0.553,0.553
City Services,MIDDLETON SKILLS CENTRE - YS253,1100L-C,Card,0.088,0.138,0.089,0.081,0.071,0.101,0.11,0.11,0.067,0.109,0.101,0.117
City Services,MIDDLETON SKILLS CENTRE - YS253,1100L-W,Gen Waste,0.306,0.242,0.216,0.242,0.214,0.207,0.203,0.207,0.249,0.222,0.223,0.246
City Services,CROSS GREEN CENTRE - YS230,1100L-W,Gen Waste,0.224,0.238,0.259,0.214,0.22,0.272,0.212,0.221,0.252,0.232,0.216,0.255
City Services,ST GEORGES CENTRE 03036,1100L-C,Card,0.299,0.244,0.205,0.199,0.182,0.162,0.243,0.193,0.187,0.19,0.199,0.188
City Services,ST GEORGES CENTRE 03036,1100L-W,Gen Waste,0.506,0.511,0.404,0.467,0.486,0.432,0.429,0.432,0.416,0.435,0.438,0.496
City Services,HOLBECK YOUTH CENTRE,1100L-W,Gen Waste,0.244,0.281,0.195,0.212,0.255,0.193,0.249,0.0,0.0,0.0,0.0,0.0
City Services,OTLEY A O 03066,1100L-W,Gen Waste,0.228,0.235,0.253,0.205,0.197,0.273,0.197,0.202,0.243,0.202,0.196,0.191
City Services,WETHERBY A O 03078,1100L-W,Gen Waste,0.278,0.218,0.201,0.258,0.206,0.203,0.285,0.191,0.266,0.216,0.221,0.203
City Services,BARLEYFIELDS CENTRE - YS224,660L-W,Gen Waste,0.211,0.161,0.138,0.182,0.146,0.149,0.199,0.149,0.199,0.143,0.139,0.117
City Services,GARFORTH OSC - MAIN STREET 03051,1100L-C,Card,0.115,0.13,0.095,0.093,0.1,0.088,0.114,0.075,0.083,0.104,0.087,0.096
City Services,GARFORTH OSC - MAIN STREET 03051,1100L-W,Gen Waste,0.279,0.291,0.209,0.212,0.212,0.201,0.246,0.209,0.153,0.212,0.197,0.218
City Services,OLD COCKBURN SPORTS HALL,1100L-W,Gen Waste,0.292,0.276,0.184,0.219,0.243,0.182,0.193,0.199,0.145,0.256,0.206,0.209
City Services,APEX HOUSE,1100L-C,Card,0.197,0.257,0.165,0.156,0.213,0.176,0.18,0.2,0.166,0.22,0.277,0.21
City Services,APEX HOUSE,1100L-W,Gen Waste,1.143,1.016,0.856,0.91,0.954,0.83,0.958,0.852,0.836,0.948,0.748,0.796
City Services,APEX HOUSE,660L-C,Card,0.122,0.087,0.052,0.053,0.079,0.059,0.059,0.06,0.058,0.077,0.053,0.066
City Services,CANON HOUSE 03026,1100L-W,Gen Waste,0.583,0.509,0.418,0.465,0.48,0.42,0.496,0.367,0.417,0.468,0.396,0.425
City Services,CANON HOUSE 03027,1100L-W,Gen Waste,0.577,0.499,0.437,0.505,0.454,0.428,0.443,0.377,0.42,0.464,0.386,0.376
City Services,MICKLEFIELD YOUTH CENTRE,1100L-W,Gen Waste,0.278,0.288,0.204,0.226,0.212,0.21,0.242,0.208,0.161,0.335,0.164,0.22
City Services,DEWSBURY ROAD OSC 03083,1100L-C,Card,0.078,0.131,0.091,0.101,0.105,0.089,0.109,0.077,0.072,0.081,0.105,0.086
City Services,DEWSBURY ROAD OSC 03083,1100L-W,Gen Waste,0.606,0.53,0.426,0.478,0.457,0.432,0.441,0.405,0.427,0.397,0.442,0.419
City Services,KIPPAX YOUTH CENTRE,660L-W,Gen Waste,0.168,0.215,0.137,0.144,0.136,0.157,0.182,0.14,0.105,0.076,0.0,0.0
City Services,ROTHWELL A O - 03074,1100L-C,Card,0.1,0.11,0.091,0.096,0.109,0.098,0.111,0.102,0.045,0.099,0.086,0.087
City Services,ROTHWELL A O - 03074,1100L-W,Gen Waste,0.281,0.288,0.204,0.221,0.217,0.221,0.249,0.199,0.148,0.209,0.289,0.21
City Services,WINDMILL YOUTH CENTRE,1100L-W,Gen Waste,0.281,0.292,0.2,0.211,0.196,0.214,0.272,0.189,0.146,0.212,0.195,0.219
City Services,ROSE LUND CENTRE - YS260,660L-W,Gen Waste,0.217,0.207,0.13,0.134,0.145,0.149,0.178,0.148,0.133,0.149,0.147,0.147
City Services,CANON HOUSE 03025,1100L-C,Card,0.111,0.12,0.095,0.074,0.129,0.097,0.091,0.109,0.103,0.118,0.138,0.102
City Services,BLACKBURN HALL - AET143,1100L-W,Gen Waste,0.55,0.577,0.413,0.425,0.433,0.421,0.502,0.384,0.433,0.427,0.466,0.386
City Services,LANDMARK COURT,1100L-C,Card,0.099,0.119,0.08,0.078,0.105,0.081,0.107,0.097,0.09,0.102,0.099,0.083
City Services,LANDMARK COURT,1100L-W,Gen Waste,0.296,0.293,0.219,0.199,0.265,0.202,0.247,0.207,0.234,0.224,0.207,0.207
City Services,CATERING - BEESTON PRIMARY,1100L-W,Gen Waste,0.341,0.288,0.205,0.215,0.201,0.205,0.253,0.219,0.165,0.296,0.234,0.212
City Services,ST MATTHEWS CENTRE - YS266,1100L-W,Gen Waste,0.272,0.283,0.213,0.223,0.251,0.2,0.262,0.22,0.267,0.207,0.213,0.211
City Services,EVOLUTION HOUSE,1100L-C,Card,0.082,0.122,0.084,0.092,0.121,0.094,0.107,0.093,0.081,0.124,0.103,0.086
City Services,EVOLUTION HOUSE,1100L-W,Gen Waste,0.7,0.447,0.41,0.53,0.448,0.397,0.533,0.421,0.546,0.413,0.414,0.374
City Services,STRAWBERRY LANE CENTRE - YS268,1100L-C,Card,0.099,0.11,0.077,0.084,0.11,0.075,0.096,0.078,0.106,0.096,0.095,0.101
City Services,STRAWBERRY LANE CENTRE - YS268,1100L-W,Gen Waste,0.343,0.213,0.231,0.271,0.196,0.212,0.26,0.219,0.266,0.205,0.2,0.204
City Services,METHLEY CENTRE,1100L-W,Gen Waste,0.287,0.268,0.212,0.191,0.202,0.21,0.258,0.203,0.173,0.212,0.218,0.204
City Services,ARMLEY OSC 03082,1100L-C,Card,0.1,0.125,0.093,0.097,0.128,0.095,0.077,0.088,0.1,0.139,0.211,0.11
City Services,ARMLEY OSC 03082,1100L-W,Gen Waste,0.341,0.228,0.191,0.274,0.212,0.203,0.251,0.208,0.267,0.23,0.201,0.21
City Services,GILDERSOME YOUTH CENTRE,1100L-W,Gen Waste,0.215,0.284,0.205,0.245,0.223,0.231,0.268,0.205,0.265,0.196,0.214,0.218
City Services,HOUGH TOP COURT 03027,1100L-C,Card,0.117,0.111,0.081,0.089,0.092,0.122,0.065,0.166,0.203,0.252,0.169,0.155
City Services,HOUGH TOP COURT 03027,1100L-W,Gen Waste,1.203,0.994,0.865,0.915,0.918,0.81,0.925,0.838,0.949,0.987,0.928,0.846
City Services,KENTMERE CENTRE - YS244,1100L-C,Card,0.086,0.129,0.118,0.079,0.098,0.09,0.109,0.083,0.08,0.106,0.074,0.068
City Services,KENTMERE CENTRE - YS244,1100L-W,Gen Waste,0.29,0.213,0.202,0.248,0.204,0.205,0.236,0.201,0.256,0.211,0.214,0.19
City Services,ST GREGORYS Y & A CENTRE,1100L-C,Card,0.112,0.123,0.082,0.12,0.102,0.092,0.116,0.096,0.059,0.098,0.086,0.078
City Services,ST GREGORYS Y & A CENTRE,1100L-W,Gen Waste,0.296,0.223,0.233,0.27,0.199,0.223,0.252,0.198,0.28,0.207,0.198,0.21
City Services,SOUTH SEACROFT OSC,1100L-C,Card,0.097,0.132,0.093,0.093,0.094,0.09,0.144,0.104,0.068,0.069,0.084,0.099
City Services,SOUTH SEACROFT OSC,660L-C,Card,0.142,0.168,0.114,0.112,0.123,0.112,0.153,0.12,0.092,0.126,0.108,0.138
City Services,SOUTH SEACROFT OSC,660L-W,Gen Waste,0.619,0.504,0.433,0.541,0.44,0.418,0.555,0.425,0.536,0.437,0.428,0.448
City Services,WOODSLEY ROAD CENTRE - YS275,1100L-W,Gen Waste,0.591,0.454,0.402,0.429,0.403,0.544,0.294,0.425,0.43,0.428,0.408,0.54
City Services,WOODHOUSE COMMUNITY CENTRE,1100L-W,Gen Waste,0.219,0.223,0.229,0.215,0.193,0.261,0.159,0.197,0.276,0.206,0.118,0.265
City Services,FIELDHEAD CARR CENTRE - YS234,660L-W,Gen Waste,0.206,0.168,0.158,0.182,0.14,0.149,0.184,0.133,0.177,0.112,0.109,0.136
City Services,ALSTON LANE CENTRE - YS221,660L-W,Gen Waste,0.206,0.164,0.157,0.184,0.14,0.103,0.181,0.154,0.178,0.142,0.146,0.149
City Services,HEADINGLEY COMMUNITY CENTRE,1100L-W,Gen Waste,0.214,0.243,0.216,0.209,0.207,0.279,0.164,0.194,0.267,0.212,0.172,0.254
City Services,LITTLE LONDON COMMUNITY CENTRE,1100L-W,Gen Waste,0.229,0.224,0.218,0.194,0.218,0.265,0.157,0.211,0.28,0.204,0.166,0.255
City Services,MEANWOOD COMMUNITY CENTRE,1100L-W,Gen Waste,0.247,0.231,0.218,0.232,0.206,0.258,0.174,0.219,0.249,0.198,0.165,0.263
City Services,CIVIC HALL - CITY SERVICES DEPT,1100L-C,Card,,,,,,0.0,,0.0,0.0,0.0,0.0,0.0
City Services,WINDMILL YOUTH CENTRE,1100L-C,Card,,,,,,0.054,0.129,0.081,0.083,0.093,0.096,0.077
City Services,ST MATTHEWS CENTRE - YS266,1100L-C,Card,,,,,,0.062,0.112,0.083,0.112,0.086,0.09,0.018
City Services,WOODHOUSE COMMUNITY CENTRE,1100L-C,Card,,,,,,0.09,0.075,0.079,0.101,0.119,0.087,0.112
City Services,LITTLE LONDON COMMUNITY CENTRE,1100L-C,Card,,,,,,0.076,0.078,0.103,0.083,0.114,0.072,0.082
City Services,MEANWOOD COMMUNITY CENTRE,1100L-C,Card,,,,,,0.072,0.106,0.089,0.084,0.116,0.099,0.06
City Services,ALLERTON BYWATER CENTRE - YS220,360L-C,Card,,,,,,0.01,0.032,0.029,0.028,0.028,0.029,0.028
City Services,RICHMOND HILL CENTRE - YS259,660L-C,Card,,,,,,0.019,0.078,0.058,0.059,0.071,0.055,0.057
City Services,WELFARE RIGHTS UNIT,660L-C,Card,,,,,,0.014,0.075,0.062,0.048,0.069,0.049,0.074
City Services,MICKLEFIELD YOUTH CENTRE,660L-C,Card,,,,,,0.011,0.077,0.043,0.0,0.0,0.0,0.0
City Services,HEADINGLEY COMMUNITY CENTRE,660L-C,Card,,,,,,0.017,0.063,0.067,0.065,0.075,0.05,0.073
City Services,PALACE PROJECT - YS257,660L-W,Gen Waste,,,,,,,,0.113,0.187,0.136,0.144,0.185
City Services,HOLBECK YOUTH CENTRE,660L-W,Gen Waste,,,,,,,,0.139,0.172,0.141,0.1,0.141
E ALMO,GIPTON NHO,660L-W,Gen Waste,0.212,0.166,0.149,0.189,0.149,0.144,0.144,0.141,0.174,0.149,0.132,0.175
E ALMO,HAREHILLS & CHAPEL TOWN NHO,1100L-W,Gen Waste,0.224,0.222,0.213,0.263,0.211,0.209,0.196,0.222,0.257,0.155,0.209,0.256
E ALMO,MOORTOWN NHO,1100L-W,Gen Waste,0.283,0.29,0.209,0.211,0.245,0.217,0.212,0.22,0.164,0.242,0.205,0.221
E ALMO,BURMANTOFTS NH,1100L-W,Gen Waste,0.279,0.235,0.229,0.262,0.228,0.209,0.209,0.202,0.145,0.191,0.2,0.228
E ALMO,RICHOMOND HILL NHO,660L-W,Gen Waste,0.205,0.164,0.154,0.181,0.151,0.144,0.14,0.143,0.17,0.141,0.158,0.182
E ALMO,BUILDING SERVICES,1100L-C,Card,0.103,0.142,0.085,0.113,0.076,0.069,0.077,0.074,0.031,0.074,0.065,0.048
E ALMO,BUILDING SERVICES,1100L-W,Gen Waste,0.285,0.239,0.197,0.267,0.215,0.216,0.256,0.205,0.26,0.222,0.202,0.219
E ALMO,SEACROFT NORTH 0SS - S066640,1100L-C,Card,0.106,0.112,0.069,0.083,0.091,0.095,0.097,0.114,0.017,0.025,0.063,0.081
E ALMO,SEACROFT NORTH 0SS - S066640,1100L-W,Gen Waste,0.3,0.245,0.22,0.259,0.217,0.208,0.288,0.216,0.271,0.204,0.168,0.196
E ALMO,MEANWOOD NHO,1100L-W,Gen Waste,0.232,0.239,0.215,0.204,0.195,0.269,0.15,0.232,0.277,0.221,0.155,0.257
E ALMO,BUTTON HILL COMMUNITY CENTRE,1100L-W,Gen Waste,0.227,0.231,0.211,0.228,0.218,0.247,0.163,0.189,0.265,0.377,0.195,0.206
E ALMO,TRIBECA HOUSE,1100L-C,Card,0.096,,,,,,,0.0,0.0,0.0,0.0,0.0
E ALMO,TRIBECA HOUSE,1100L-W,Gen Waste,0.464,,,,,,,0.0,0.0,0.0,0.0,0.0
E ALMO,TRIBECA HOUSE,660L-C,Card,,0.084,0.121,0.12,0.165,0.125,0.114,0.114,0.125,0.144,0.126,0.125
E ALMO,TRIBECA HOUSE,660L-W,Gen Waste,,0.499,0.444,0.538,0.441,0.45,0.429,0.316,0.553,0.437,0.443,0.538
E ALMO,HAREHILLS & CHAPEL TOWN NHO,1100L-C,Card,,,,,,0.08,0.097,0.092,0.093,0.115,0.107,0.077
E ALMO,MOORTOWN NHO,1100L-C,Card,,,,,,0.052,0.113,0.097,0.108,0.11,0.104,0.103
E ALMO,BURMANTOFTS NH,1100L-C,Card,,,,,,0.05,0.13,0.055,0.077,0.072,0.085,0.086
E ALMO,GIPTON NHO,660L-C,Card,,,,,,0.011,0.078,0.041,0.049,0.058,0.059,0.073
E ALMO,TRIBECA HOUSE,360L-W,Gen Waste,,,,,,,,,,0.057,0.127,0.133
Education Leeds/Schools,BEECHWOOD PRIMARY SCHOOL,1100L-W,Gen Waste,,,,,,,,,,0.0,0.0,1.278
Education Leeds/Schools,CALVERLEY C OF E PRIMARY SCHOOL,1100L-C,Card,,,,,,,,,,0.0,0.0,0.0
Education Leeds/Schools,CALVERLEY C OF E PRIMARY SCHOOL,1100L-W,Gen Waste,,,,,,,,,,0.0,0.0,0.0
Education Leeds/Schools,CHAPEL ALLERTON PRIMARY SCHOOL,1100L-W,Gen Waste,,,,,,,,,,0.0,0.0,0.0
Education Leeds/Schools,SOUTH PUDSEY COMMUNITY CENTRE,1100L-W,Gen Waste,0.228,0.276,0.224,0.205,0.245,0.234,0.185,0.213,0.178,0.24,0.216,0.191
Education Leeds/Schools,WEST PARK CENTRE,1100L-C,Card,0.023,0.12,0.095,0.089,0.116,0.12,0.086,0.097,0.1,0.124,0.076,0.08
Education Leeds/Schools,WEST PARK CENTRE,1100L-C,Card,0.032,0.12,0.113,0.077,0.098,0.102,0.096,0.09,0.083,0.107,0.082,0.094
Education Leeds/Schools,WEST PARK CENTRE,1100L-W,Gen Waste,0.106,0.243,0.195,0.21,0.21,0.274,0.149,0.202,0.271,0.2,0.163,0.243
Education Leeds/Schools,WEST PARK CENTRE,1100L-W,Gen Waste,0.11,0.24,0.398,0.23,0.213,0.261,0.155,0.208,0.256,0.208,0.152,0.255
Education Leeds/Schools,WEST PARK CENTRE,1100L-W,Gen Waste,0.118,0.224,0.222,0.212,0.222,0.34,0.173,0.212,0.263,0.211,0.156,0.251
Education Leeds/Schools,WEST PARK CENTRE,1100L-W,Gen Waste,0.113,0.224,0.209,0.188,0.204,0.268,0.156,0.219,0.256,0.206,0.154,0.263
Education Leeds/Schools,BLENHEIM CENTRE,1100L-W,Gen Waste,0.123,0.214,0.203,0.198,0.212,0.251,0.151,0.167,0.277,0.226,0.17,0.26
Education Leeds/Schools,BLENHEIM CENTRE,1100L-W,Gen Waste,0.121,0.217,0.207,0.206,0.197,0.244,0.148,0.299,0.255,0.199,0.155,0.276
Education Leeds/Schools,BLENHEIM CENTRE,1100L-W,Gen Waste,,0.238,0.217,0.207,0.216,0.278,0.148,0.141,0.262,0.213,0.156,0.253
Education Leeds/Schools,ELMETE CENTRE,1100L-C,Card,0.023,0.133,0.104,0.092,0.131,0.094,0.089,0.082,0.087,0.131,0.23,0.108
Education Leeds/Schools,ELMETE CENTRE,1100L-C,Card,0.018,0.119,0.101,0.095,0.129,0.08,0.081,0.105,0.102,0.107,0.088,0.098
Education Leeds/Schools,ELMETE CENTRE,1100L-W,Gen Waste,0.175,0.282,0.347,0.481,0.48,0.366,0.422,0.438,0.383,0.458,0.428,0.467
Education Leeds/Schools,ELMETE CENTRE,1100L-W,Gen Waste,0.182,0.512,0.419,0.478,0.462,0.368,0.409,0.434,0.439,0.456,0.404,0.474
Education Leeds/Schools,ELMETE CENTRE,1100L-W,Gen Waste,0.162,0.241,0.388,0.477,0.489,0.357,0.41,0.415,0.425,0.487,0.422,0.461
Education Leeds/Schools,GRAFTON SITE,1100L-C,Card,0.022,,0.096,0.11,0.125,0.094,0.089,0.1,0.107,0.079,0.093,0.1
Education Leeds/Schools,GRAFTON SITE,1100L-W,Gen Waste,0.113,0.23,0.21,0.205,0.228,0.261,0.152,0.214,0.24,0.212,0.211,0.249
Education Leeds/Schools,ARTEMIS,1100L-W,Gen Waste,0.106,0.238,0.179,0.265,0.212,0.211,0.26,0.206,0.277,0.226,0.186,0.201
Education Leeds/Schools,SOUTH PUDSEY COMMUNITY CENTRE,1100L-C,Card,0.023,0.138,0.098,0.071,0.125,0.081,0.087,0.088,0.085,0.123,0.082,0.096
Education Leeds/Schools,SOUTH PUDSEY COMMUNITY CENTRE,1100L-W,Gen Waste,0.052,,,,,,,0.0,0.0,0.0,0.0,0.0
Education Leeds/Schools,BRUDENELL PRIMARY SCHOOL,1100L-W,Gen Waste,,0.687,0.624,0.582,0.6,0.776,0.477,0.469,0.531,0.608,0.318,0.704
Education Leeds/Schools,WEST END PRIMARY SCHOOL,1100L-C,Card,,,,0.028,0.094,0.088,0.113,0.104,0.089,0.108,0.1,0.103
Education Leeds/Schools,WEST END PRIMARY SCHOOL,1100L-W,Gen Waste,,,,0.322,0.619,0.809,0.725,0.65,0.77,0.627,0.465,0.763
Education Leeds/Schools,HORSFORTH SCHOOL,1100L-C,Card,,,,,0.095,0.4,0.356,0.335,0.407,0.514,0.362,0.333
Education Leeds/Schools,HORSFORTH SCHOOL,1100L-W,Gen Waste,,,,,0.633,2.808,2.805,2.479,2.487,2.485,3.239,3.107
Education Leeds/Schools,THE BEST HOUSE,360L-W,Gen Waste,,,,,0.12,0.108,0.115,0.106,0.121,0.099,0.118,0.157
Education Leeds/Schools,BLENHEIM CENTRE,1100L-C,Card,,,,,,,,,,0.0,0.0,0.176
Education Leeds/Schools,HORSFORTH NEWLAITHES SCHOOL,1100L-W,Gen Waste,,,,,,,,,,0.0,0.0,0.497
Education Leeds/Schools,HAREWOOD C OF E PRIMARY SCHOOL,1100L-W,Gen Waste,,,,,,,,,,0.0,0.0,0.0
Education Leeds/Schools,IVESON PRIMARY SCOOL - GEN,1100L-W,Gen Waste,,,,,,,,,,0.0,0.0,0.479
Education Leeds/Schools,IVESON PRIMARY SCHOOL - CARD,1100L-C,Card,,,,,,,,,,0.0,0.045,0.178
Education Leeds/Schools,ROYDS SCHOOL SPECIALIST LANGUAGE COLLEGE,1100L-W,Gen Waste,,,,,,,,,,0.0,0.429,2.979
Education Leeds/Schools,ROYDS SCHOOL,1100L-C,Card,,,,,,,,,,0.0,0.0,0.47
Education Leeds/Schools,ST ANTHONY'S CATHOLIC PRIMARY SCHOOL,1100L-C,Card,,,,,,,,,,0.0,0.0,0.11
Education Leeds/Schools,ST ANTHONY'S CATHOLIC PRIMARY SCHOOL,1100L-W,Gen Waste,,,,,,,,,,0.0,0.115,0.398
Education Leeds/Schools,WESTERTON PRIMARY SCHOOL,1100L-C,Card,,,,,,,,,,0.0,0.0,0.201
Education Leeds/Schools,WESTERTON PRIMARY SCHOOL,1100L-W,Gen Waste,,,,,,,,,,0.0,0.0,1.037
Environment & Neighbourhoods,RICHMOND COURT,1100L-W,Gen Waste,1.145,0.866,0.83,1.054,0.84,0.85,0.841,0.837,1.049,0.838,0.98,1.064
Environment & Neighbourhoods,HILLSIDE HOSTEL,1100L-C,Card,0.102,0.13,0.102,0.095,0.112,0.098,0.09,0.073,0.106,0.142,0.109,0.116
Environment & Neighbourhoods,HILLSIDE HOSTEL,1100L-W,Gen Waste,0.682,0.866,0.64,0.608,0.768,0.628,0.647,0.642,0.6,0.807,1.176,0.644
Environment & Neighbourhoods,PENNINGTON PLACE,1100L-W,Gen Waste,0.695,0.68,0.619,0.599,0.609,0.802,0.492,0.617,0.617,0.644,0.492,0.787
Environment & Neighbourhoods,THE HOLLIES,1100L-W,Gen Waste,0.67,0.667,0.612,0.619,0.646,0.747,0.457,0.629,0.778,0.62,0.518,0.812
Environment & Neighbourhoods,KIRKGATE CHAMBERS,1100L-C,Card,0.109,,,,,,,0.0,0.0,0.0,0.0,0.0
Environment & Neighbourhoods,KIRKGATE CHAMBERS,240L-C,Card,0.114,,,,,,,0.0,0.0,0.0,0.0,0.0
Environment & Neighbourhoods,KIRKGATE CHAMBERS,360L-C,Card,,0.042,0.031,0.025,0.02,0.035,0.021,0.02,0.011,0.034,0.0,0.0
Environment & Neighbourhoods,LEEDS COMMUNITY SAFETY,660L-C,Card,0.074,0.105,0.067,0.108,0.172,0.071,0.073,0.075,0.062,0.064,0.113,0.055
Environment & Neighbourhoods,MILLSHAW ENVIRONMENTAL HEALTH OFFICE,1100L-C,Card,0.099,0.121,0.101,0.104,0.11,0.092,0.12,0.082,0.056,0.098,0.093,0.098
Environment & Neighbourhoods,MILLSHAW ENVIRONMENTAL HEALTH OFFICE,1100L-W,Gen Waste,0.335,0.222,0.202,0.269,0.204,0.209,0.223,0.205,0.278,0.197,0.208,0.293
Environment & Neighbourhoods,AIRE VALLEY TEAM - BELLE ISLE FOUND,660L-C,Card,0.114,0.091,0.064,0.068,0.061,0.062,0.069,0.062,0.042,0.064,0.068,0.064
Environment & Neighbourhoods,RESETTLEMENT SERVICES,1100L-W,Gen Waste,0.351,0.219,0.207,0.245,0.219,0.207,0.271,0.2,0.281,0.0,0.0,0.0
Environment & Neighbourhoods,ENVIROMENTAL HEALTH NEW ADD,660L-C,Card,0.073,0.09,0.051,0.054,0.065,0.065,0.076,0.0,0.0,0.0,1.0,0.0
Environment & Neighbourhoods,ENVIROMENTAL HEALTH NEW ADD,660L-W,Gen Waste,0.207,0.161,0.139,0.182,0.143,0.142,0.172,0.144,0.18,0.137,0.145,0.11
Environment & Neighbourhoods,EAST LEEDS AREA MANAGEMENT TEAM,1100L-C,Card,0.101,0.118,0.095,0.082,0.088,0.09,0.099,0.076,0.077,0.103,0.07,0.085
Environment & Neighbourhoods,EAST LEEDS AREA MANAGEMENT TEAM,1100L-W,Gen Waste,0.273,0.233,0.205,0.259,0.19,0.195,0.27,0.224,0.255,0.195,0.21,0.195
Environment & Neighbourhoods,RESETTLEMENT SERVICES,1100L-C,Card,,,,,,0.074,0.096,0.087,0.095,0.019,0.0,0.0
Environment & Neighbourhoods,KIRKGATE CHAMBERS,360L-C,Card,,,,,,,0.004,0.0,0.0,0.0,0.0,0.0
Environment & Neighbourhoods,LEEDS COMMUNITY SAFETY,660L-W,Gen Waste,,,,,,,,0.0,0.0,0.0,0.0,0.0
Environment & Neighbourhoods,AIRE VALLEY TEAM - BELLE ISLE FOUND,660L-W,Gen Waste,,,,,,,,0.0,0.074,0.149,0.142,0.181
Environment & Neighbourhoods,LEEDS COMMUNITY SAFETY,660L-C,Card,,,,,,,,0.016,0.0,0.0,0.0,0.0
Environment & Neighbourhoods,EAST KESWICK HALL (LCC),1100L-W,Gen Waste,,,,,,,,0.0,0.0,0.0,0.0,0.0
Environment & Neighbourhoods,WOODHOUSE LANE CAR PARK,1100L-W,Gen Waste,,,,,,,,0.0,0.327,0.219,0.212,0.498
Environment & Neighbourhoods,ENVIROMENTAL HEALTH NEW ADD,1100L-C,Card,,,,,,,,,,0.0,0.0,0.0
Environment & Neighbourhoods,SUE RYDER CARE (LCC),1100L-W,Gen Waste,,,,,,,,,,0.502,0.406,0.415
Environment & Neighbourhoods,SUE RYDER CARE (LCC),1100L-W,Gen Waste,,,,,,,,,,0.419,0.32,0.489
Environment & Neighbourhoods,SUE RYDER CARE (LCC),1100L-W,Gen Waste,,,,,,,,,,0.0,0.0,0.0
Highways,POTTERY FIELDS DEPOT,1100L-C,Card,,,0.025,0.099,0.112,0.098,0.089,0.076,0.098,0.113,0.196,0.089
Highways,POTTERY FIELDS DEPOT,1100L-W,Gen Waste,,,0.045,0.263,0.207,0.209,0.254,0.231,0.271,0.21,0.135,0.205
Learning & Leisure,CATERING - CANAL GARDEN,1100L-C,Card,0.204,0.266,0.144,0.18,0.26,0.215,0.174,0.197,0.193,0.255,0.163,0.198
Learning & Leisure,CATERING - CANAL GARDEN,1100L-W,Gen Waste,1.106,0.946,0.814,0.856,0.834,1.071,0.619,0.856,1.009,0.843,0.829,1.025
Learning & Leisure,CATERING - TEMPLE NEWSAM PARK,1100L-C,Card,0.126,0.137,0.101,0.095,0.085,0.077,0.123,0.089,0.055,0.074,0.073,0.087
Learning & Leisure,CATERING - TEMPLE NEWSAM PARK,1100L-W,Gen Waste,0.835,0.684,0.629,0.756,0.62,0.617,0.816,0.617,0.775,0.637,0.627,0.618
Learning & Leisure,PUDSEY CIVIC HALL - CATERING,1100L-C,Card,0.203,0.242,0.207,0.183,0.252,0.189,0.182,0.166,0.173,0.205,0.153,0.152
Learning & Leisure,PUDSEY LEISURE CENTRE - SPO161,1100L-C,Card,0.092,0.115,0.1,0.101,0.128,0.086,0.098,0.078,0.081,0.1,0.098,0.114
Learning & Leisure,PUDSEY LEISURE CENTRE - SPO161,1100L-W,Gen Waste,0.733,0.877,0.611,0.766,0.817,0.556,0.614,0.636,0.629,0.748,0.632,0.625
Learning & Leisure,ST LAWRENCE HOUSE EYC - U8EYC198,1100L-C,Card,0.099,0.144,0.073,0.076,0.101,0.099,0.045,0.07,0.082,0.093,0.031,0.117
Learning & Leisure,ST LAWRENCE HOUSE EYC - U8EYC198,1100L-W,Gen Waste,0.29,0.279,0.213,0.2,0.252,0.219,0.188,0.208,0.152,0.257,0.144,0.213
Learning & Leisure,KIRKSTALL LEISURE CENTRE,1100L-C,Card,0.103,0.122,0.092,0.098,0.123,0.09,0.088,0.091,0.091,0.132,0.15,0.095
Learning & Leisure,KIRKSTALL LEISURE CENTRE,1100L-W,Gen Waste,0.686,0.451,0.402,0.52,0.401,0.414,0.542,0.401,0.631,0.608,0.427,0.628
Learning & Leisure,KIRKSTALL ABBEY HOUSE MUSEUM - MUS1,1100L-C,Card,0.102,0.123,0.095,0.086,0.1,0.093,0.093,0.086,0.069,0.117,0.093,0.087
Learning & Leisure,KIRKSTALL ABBEY HOUSE MUSEUM - MUS1,1100L-W,Gen Waste,0.665,0.45,0.424,0.55,0.414,0.4,0.534,0.411,0.505,0.401,0.425,0.413
Learning & Leisure,SHEPHERD LANE EYC - U8EYC197,1100L-C,Card,0.02,,,,,,,0.0,0.0,0.0,0.0,0.0
Learning & Leisure,SHEPHERD LANE EYC - U8EYC197,1100L-W,Gen Waste,0.227,0.227,0.21,0.258,0.207,0.19,0.208,0.209,0.245,0.168,0.19,0.285
Learning & Leisure,ROSEVILLE CENTRE - TRGEYC284,1100L-W,Gen Waste,0.229,0.236,0.214,1.153,,0.0,0.0,0.0,0.0,0.0,0.0,0.0
Learning & Leisure,SCOTT HALL EYC - U8EYC195,1100L-C,Card,0.107,0.136,0.098,0.09,0.139,0.08,0.085,0.104,0.099,0.129,0.093,0.124
Learning & Leisure,SCOTT HALL EYC - U8EYC195,1100L-W,Gen Waste,0.23,0.231,0.207,0.192,0.224,0.232,0.161,0.196,0.2,0.198,0.202,0.28
Learning & Leisure,SCOTHALL SPORTS CENTRE - SPO152,1100L-C,Card,,,0.0,0.0,0.0,0.0,0.0,0.0,0.0,0.0,0.155,0.0
Learning & Leisure,SCOTHALL SPORTS CENTRE - SPO152,1100L-W,Gen Waste,0.922,0.894,0.822,0.829,0.849,1.01,0.635,0.842,1.046,0.843,0.825,1.073
Learning & Leisure,DOREEN HAMILTON DC - 506 Q884679,1100L-C,Card,0.102,0.124,0.106,0.106,0.09,0.086,0.14,0.094,0.056,0.113,0.1,0.078
Learning & Leisure,DOREEN HAMILTON DC - 506 Q884679,1100L-W,Gen Waste,0.562,0.468,0.437,0.532,0.405,0.442,0.439,0.411,0.505,0.423,0.376,0.528
Learning & Leisure,HOLT PARK LEISURE CENTRE - SPO157,1100L-W,Gen Waste,0.684,0.665,0.621,0.63,0.603,0.806,0.472,0.63,0.594,0.314,0.447,0.475
Learning & Leisure,DOREEN HAMILTON EYC - SSEYC200,1100L-C,Card,0.099,0.118,0.079,0.096,0.099,0.091,0.116,0.094,0.069,0.09,0.084,0.061
Learning & Leisure,DOREEN HAMILTON EYC - SSEYC200,1100L-W,Gen Waste,0.583,1.544,0.213,0.254,0.207,0.228,0.213,0.221,0.256,0.19,0.257,0.303
Learning & Leisure,HAREHILLS CHILDRENS CENTRE,1100L-C,Card,0.094,0.133,0.108,0.092,0.083,0.094,0.112,0.1,0.105,0.075,0.067,0.077
Learning & Leisure,HAREHILLS CHILDRENS CENTRE,1100L-W,Gen Waste,0.298,0.229,0.208,0.269,0.212,0.212,0.196,0.201,0.265,0.208,0.321,0.267
Learning & Leisure,MOOR ALLERTON LIBRARY - LIB116,360L-W,Gen Waste,0.174,0.166,0.13,0.105,0.15,0.117,0.12,0.114,0.088,0.061,0.091,0.086
Learning & Leisure,LEEDS TOWN HALL,1100L-C,Card,0.395,0.482,0.376,0.331,0.388,3.03,3.998,3.285,0.344,3.661,3.351,0.363
Learning & Leisure,LEEDS TOWN HALL,1100L-W,Gen Waste,2.976,2.561,2.08,2.318,2.182,2.14,2.193,2.084,2.351,2.14,2.041,3.001
Learning & Leisure,TREETOPS COMMUNITY CENTRE,1100L-W,Gen Waste,0.05,,,,,,,0.0,0.0,0.0,0.0,0.0
Learning & Leisure,TREETOPS COMMUNITY CENTRE,360L-W,Gen Waste,0.175,0.172,0.116,0.119,0.143,0.12,0.129,0.112,0.091,0.136,0.132,0.119
Learning & Leisure,RICHMOND HILL EYC - U8EYC193,1100L-W,Gen Waste,0.292,0.448,0.409,0.457,0.382,0.442,0.482,0.399,0.464,0.371,0.399,0.478
Learning & Leisure,LIBRARY HQ - NEW - LIB127,1100L-C,Card,0.089,0.117,0.089,0.117,1.099,0.107,0.082,0.098,0.058,0.093,0.146,0.1
Learning & Leisure,LIBRARY HQ - NEW - LIB127,1100L-W,Gen Waste,0.826,0.679,0.655,0.766,0.642,0.627,0.673,0.611,0.773,0.67,0.662,0.801
Learning & Leisure,CONSTRUCTION SKILLS TRAINING CENTRE,1100L-C,Card,0.095,0.122,0.1,0.111,0.078,0.08,0.112,0.08,0.06,0.0,0.0,0.0
Learning & Leisure,CONSTRUCTION SKILLS TRAINING CENTRE,1100L-W,Gen Waste,0.33,0.244,0.207,0.255,0.211,0.21,0.227,0.207,0.15,0.0,0.0,0.0
Learning & Leisure,HUNSLET CHILDRENS CENTRE,1100L-C,Card,0.1,0.105,0.098,0.097,0.112,0.093,0.118,0.094,0.069,0.077,0.089,0.112
Learning & Leisure,HUNSLET CHILDRENS CENTRE,1100L-W,Gen Waste,0.277,0.236,0.222,0.272,0.192,0.216,0.19,0.191,0.257,0.217,0.413,0.306
Learning & Leisure,HUNSLET LAKE - YS243,1100L-W,Gen Waste,0.291,0.224,0.211,0.251,1.193,0.0,0.0,0.0,0.0,0.0,0.0,0.0
Learning & Leisure,WINDMILL CHILDRENS CENTRE - U8EYC28,1100L-C,Card,0.095,0.104,0.093,0.099,0.091,0.081,0.115,0.094,0.06,0.111,0.08,0.086
Learning & Leisure,WINDMILL CHILDRENS CENTRE - U8EYC28,1100L-W,Gen Waste,0.59,0.463,0.41,0.542,0.411,0.378,0.418,0.428,0.444,0.423,0.444,0.53
Learning & Leisure,YEADON LIBRARY - LIB219,360L-W,Gen Waste,0.144,0.136,0.125,0.118,0.116,0.145,0.119,0.119,0.147,0.111,0.114,0.147
Learning & Leisure,MIDDLETON LEISURE CENTRE - SPO159,1100L-C,Card,0.089,0.113,0.092,0.106,0.096,0.087,0.106,0.09,0.097,0.071,0.086,0.066
Learning & Leisure,MIDDLETON LEISURE CENTRE - SPO159,1100L-W,Gen Waste,0.504,0.506,0.412,0.458,0.463,0.337,0.409,0.407,0.466,0.49,0.421,0.459
Learning & Leisure,OTLEY LIBRARY - LIB135,360L-W,Gen Waste,0.133,0.145,0.143,0.115,0.119,0.138,0.12,0.115,0.151,0.118,0.114,0.148
Learning & Leisure,SPRINGFIELD EYC,1100L-W,Gen Waste,0.665,0.46,0.332,0.254,0.199,0.239,0.206,0.221,0.257,0.211,0.164,0.236
Learning & Leisure,WETHERBY LIBRARY - LIB108,360L-W,Gen Waste,0.174,0.14,0.117,0.142,0.12,0.124,0.142,0.115,0.156,0.115,0.12,0.113
Learning & Leisure,BOWLS & ATHLETICS SPO16,1100L-C,Card,0.068,0.131,0.094,0.095,0.084,0.095,0.13,0.08,0.082,0.077,0.082,0.096
Learning & Leisure,BOWLS & ATHLETICS SPO16,1100L-W,Gen Waste,0.675,0.446,0.399,0.516,0.406,0.416,0.4,0.424,0.518,0.4,0.309,0.512
Learning & Leisure,NEW AQUATICS CENTRE,1100L-C,Card,0.184,0.247,0.194,0.156,0.189,0.135,0.222,0.157,0.199,0.184,0.189,0.196
Learning & Leisure,NEW AQUATICS CENTRE,1100L-W,Gen Waste,2.237,2.075,1.711,1.848,1.847,1.662,1.674,1.69,1.883,1.837,1.505,1.842
Learning & Leisure,SOUTH LEEDS STADIUM,1100L-C,Card,0.202,0.273,0.193,0.183,0.181,0.191,0.222,0.19,0.199,0.207,0.157,0.173
Learning & Leisure,SOUTH LEEDS STADIUM,1100L-W,Gen Waste,3.377,3.118,2.517,2.841,2.823,2.569,2.342,2.455,2.842,2.722,2.104,2.763
Learning & Leisure,GARFORTH LIBRARY (REAR) - LIB110,360L-W,Gen Waste,0.172,0.173,0.117,0.107,0.124,0.107,0.148,0.123,0.086,0.033,0.0,0.0
Learning & Leisure,HUNSLET HALL EYC - U8EYC186,1100L-C,Card,0.106,0.115,0.1,0.095,0.106,0.101,0.118,0.095,0.062,0.104,0.082,0.097
Learning & Leisure,HUNSLET HALL EYC - U8EYC186,1100L-W,Gen Waste,0.443,0.556,0.407,0.413,0.498,0.438,0.428,0.394,0.324,0.515,0.416,0.426
Learning & Leisure,WEST LEEDS FLC - TRGEYC211,1100L-C,Card,0.105,0.109,0.069,0.097,0.097,0.082,0.077,0.083,0.093,0.099,0.053,0.03
Learning & Leisure,WEST LEEDS FLC - TRGEYC211,1100L-W,Gen Waste,0.661,0.449,0.396,0.532,0.409,0.402,0.533,0.407,0.535,0.46,0.297,0.41
Learning & Leisure,ARMLEY SPORTS CENTRE - SPO164,1100L-C,Card,0.098,0.131,0.079,0.065,0.127,0.084,0.081,0.104,0.116,0.102,0.087,0.099
Learning & Leisure,ARMLEY SPORTS CENTRE - SPO164,1100L-W,Gen Waste,1.15,1.021,0.811,0.907,0.95,0.836,0.764,0.859,0.834,0.911,0.776,0.851
Learning & Leisure,PARKS & COUNTRYSIDES,1100L-C,Card,0.095,0.124,0.087,0.096,0.123,0.095,0.101,0.111,0.1,0.106,0.11,0.096
Learning & Leisure,PARKS & COUNTRYSIDES,1100L-W,Gen Waste,0.674,0.447,0.421,0.519,0.379,0.415,0.49,0.428,0.521,0.392,0.4,0.438
Learning & Leisure,BRAMLEY BATHS - SPO160,1100L-C,Card,,0.099,0.102,0.085,0.108,0.095,0.097,0.103,0.082,0.118,0.071,0.101
Learning & Leisure,BRAMLEY BATHS - SPO160,1100L-W,Gen Waste,0.296,0.292,0.221,0.195,0.255,0.218,0.209,0.207,0.164,0.257,0.219,0.214
Learning & Leisure,OAKDALE EYC - U8EYC192,1100L-C,Card,0.098,0.13,0.081,0.12,0.092,0.098,0.112,0.088,0.066,0.088,0.068,0.068
Learning & Leisure,OAKDALE EYC - U8EYC192,1100L-W,Gen Waste,0.302,0.225,0.282,0.283,0.197,0.219,0.251,0.226,0.267,0.2,0.184,0.136
Learning & Leisure,EAST LEEDS FLC - TRGEYC214,1100L-C,Card,0.205,0.237,0.192,0.211,0.198,0.155,0.16,0.198,0.128,0.194,0.14,0.16
Learning & Leisure,EAST LEEDS FLC - TRGEYC214,1100L-W,Gen Waste,1.398,1.815,1.582,1.996,1.866,1.676,1.846,1.691,1.606,1.862,1.465,1.642
Learning & Leisure,EAST LEEDS LEISURE CENTRE - SPO158,1100L-C,Card,0.098,0.132,0.097,0.103,0.084,0.084,1.061,0.0,0.0,0.0,0.0,0.0
Learning & Leisure,EAST LEEDS LEISURE CENTRE - SPO158,1100L-W,Gen Waste,1.044,0.716,0.627,0.808,0.613,0.639,2.781,0.0,0.0,0.0,0.0,0.0
Learning & Leisure,CHAPELTOWN CHILDRENS CENTRE,1100L-C,Card,0.108,0.131,0.106,0.098,0.124,0.083,0.092,0.086,0.088,0.112,0.091,0.083
Learning & Leisure,CHAPELTOWN CHILDRENS CENTRE,1100L-W,Gen Waste,0.457,0.447,0.413,0.427,0.431,0.422,0.341,0.406,0.519,0.425,0.343,0.836
Learning & Leisure,MORLEY EARLEY YEARS - TRGEYC218,1100L-C,Card,0.109,0.121,0.088,0.094,0.102,0.087,0.132,0.086,0.059,1.0,0.0,0.0
Learning & Leisure,MORLEY EARLEY YEARS - TRGEYC218,1100L-W,Gen Waste,0.228,0.276,0.231,0.214,0.238,0.263,0.192,0.0,0.0,0.0,0.0,0.0
Learning & Leisure,MORLEY PUBLIC LIBRARY (REAR) - LIB1,1100L-C,Card,0.107,0.138,0.081,0.102,0.083,0.086,0.085,0.094,0.067,0.1,0.082,0.081
Learning & Leisure,MORLEY PUBLIC LIBRARY (REAR) - LIB1,360L-W,Gen Waste,0.138,0.166,0.123,0.11,0.137,0.122,0.116,0.109,0.078,0.15,0.088,0.06
Learning & Leisure,JOHN SMEATON LEISURE CENTRE,1100L-C,Card,0.099,0.12,0.083,0.095,0.089,0.108,0.045,0.057,0.015,0.049,0.0,0.019
Learning & Leisure,JOHN SMEATON LEISURE CENTRE,1100L-W,Gen Waste,1.361,1.107,1.257,1.386,1.426,1.253,1.404,1.214,1.377,1.373,1.227,1.294
Learning & Leisure,NORTH AREA OFFICE - YS277,1100L-C,Card,0.099,0.132,0.075,0.064,0.104,0.105,0.08,0.116,0.088,0.103,0.18,0.091
Learning & Leisure,NORTH AREA OFFICE - YS277,1100L-W,Gen Waste,0.213,0.222,0.221,0.206,0.197,0.246,0.145,0.141,0.272,0.382,0.21,0.216
Learning & Leisure,CHAPEL ALLERTON BR LIBRARY - LIB113,240L-W,Gen Waste,0.067,0.069,0.072,,,0.084,0.043,0.043,0.079,0.058,0.043,0.091
Learning & Leisure,MORLEY LEISURE CENTRE,1100L-C,Card,0.089,0.133,0.087,1.098,,0.0,0.0,0.0,0.0,0.0,0.0,0.0
Learning & Leisure,ROUNDHAY MANSION,1100L-C,Card,0.087,0.148,0.091,0.089,0.111,0.082,0.104,0.102,0.104,0.105,0.09,0.056
Learning & Leisure,ROUNDHAY MANSION,660L-W,Gen Waste,0.207,0.165,0.139,0.167,0.145,0.172,0.103,0.142,0.177,0.146,0.142,0.182
Learning & Leisure,OAKWOOD LIBRARY - LIB125,360L-W,Gen Waste,0.137,0.14,0.11,0.145,0.126,0.122,0.116,0.12,0.14,0.093,0.09,0.157
Learning & Leisure,FEARNVILLE SPORTS CENTRE - SPO153,1100L-C,Card,0.096,0.118,0.113,0.096,0.102,0.101,0.119,0.077,0.097,0.09,0.087,0.11
Learning & Leisure,FEARNVILLE SPORTS CENTRE - SPO153,1100L-W,Gen Waste,0.579,0.457,0.404,0.538,0.403,0.404,0.417,0.43,0.541,0.414,0.412,0.496
Learning & Leisure,BURLEY PARK EYC - U8EYC183,1100L-C,Card,0.104,0.121,0.103,0.097,0.109,0.077,0.093,0.107,0.095,0.117,0.089,0.102
Learning & Leisure,BURLEY PARK EYC - U8EYC183,1100L-W,Gen Waste,0.338,0.226,0.202,0.418,0.418,0.43,0.574,0.394,0.505,0.314,0.427,0.423
Learning & Leisure,IRELAND WOOD PUBLIC LIBRARY - LIB11,240L-W,Gen Waste,0.072,0.073,0.071,,,0.087,0.052,0.019,0.051,0.017,0.032,0.0
Learning & Leisure,HAWKSWORTH WOOD EYC - TRGEYC217,1100L-C,Card,0.075,0.132,0.122,0.076,0.134,0.101,0.089,0.095,0.087,0.09,0.214,0.09
Learning & Leisure,HAWKSWORTH WOOD EYC - TRGEYC217,1100L-W,Gen Waste,0.343,0.238,0.216,0.283,0.193,0.201,0.149,0.224,0.264,0.219,0.18,0.273
Learning & Leisure,HAREHILLS JOB SHOP,660L-W,Gen Waste,0.166,0.171,0.138,0.181,0.135,0.149,0.139,0.144,0.185,0.112,0.075,0.07
Learning & Leisure,CHAPEL ALLERTON CHILDRENS CENTRE,1100L-C,Card,0.106,0.11,0.096,0.087,0.142,0.112,0.079,0.086,0.085,0.122,0.151,0.12
Learning & Leisure,CHAPEL ALLERTON CHILDRENS CENTRE,1100L-W,Gen Waste,0.231,0.238,0.227,0.211,0.213,0.265,0.155,0.219,0.258,0.312,0.371,0.525
Learning & Leisure,TECHNORTH EYC - TRGEYC212,1100L-C,Card,0.197,0.261,0.157,0.189,0.221,0.179,0.197,0.218,0.187,0.25,0.169,0.207
Learning & Leisure,TECHNORTH EYC - TRGEYC212,1100L-W,Gen Waste,0.906,0.943,0.857,0.861,0.854,1.024,0.665,0.799,1.055,0.822,0.629,1.074
Learning & Leisure,CATERING - GOLDEN ACRE PARK,1100L-C,Card,0.098,0.122,0.105,0.082,0.087,0.082,0.075,0.093,0.074,0.11,0.086,0.083
Learning & Leisure,CATERING - GOLDEN ACRE PARK,1100L-W,Gen Waste,0.461,0.514,0.207,0.212,0.203,0.325,0.33,0.427,0.508,0.399,0.42,0.424
Learning & Leisure,RICHMOND HILL SPORTS HALL - SPO155,1100L-W,Gen Waste,0.277,0.233,0.207,0.247,0.223,0.138,0.152,0.097,0.049,0.108,0.104,0.103
Learning & Leisure,DRIGHLINGTON MEETING HALL - AET144,1100L-W,Gen Waste,0.236,0.238,0.199,0.281,0.212,0.188,0.261,0.221,0.271,0.198,0.218,0.195
Learning & Leisure,COMPTON ROAD LIBRARY - LIB140,1100L-C,Card,0.028,,,,,,,0.0,0.0,0.0,0.0,0.0
Learning & Leisure,COMPTON ROAD LIBRARY - LIB140,660L-W,Gen Waste,0.209,0.168,0.146,0.179,0.0,0.0,0.0,0.0,0.0,0.0,0.0,0.0
Learning & Leisure,"HERD FARM, ECCUP RESEVIOR - YS241",1100L-C,Card,,,0.18,0.184,0.25,0.172,0.21,0.169,0.181,0.213,0.171,0.204
Learning & Leisure,"HERD FARM, ECCUP RESEVIOR - YS241",1100L-W,Gen Waste,0.57,0.575,0.418,0.437,0.512,0.421,0.399,0.403,0.334,0.51,0.389,0.419
Learning & Leisure,CITY MUSEUM,1100L-C,Card,0.107,0.121,0.075,0.085,0.104,0.143,0.142,0.074,0.046,0.088,0.114,0.1
Learning & Leisure,CITY MUSEUM,1100L-W,Gen Waste,0.397,0.229,0.2,0.26,0.24,0.339,0.354,0.428,0.393,0.473,0.394,0.479
Learning & Leisure,CENTRAL LIBRARY - LIB114,1100L-C,Card,0.112,0.12,0.087,0.096,0.092,0.093,0.108,0.091,0.085,0.11,0.556,0.086
Learning & Leisure,CENTRAL LIBRARY - LIB114,1100L-W,Gen Waste,1.487,1.273,1.009,1.151,1.084,1.065,1.097,1.049,1.077,1.084,1.23,1.128
Learning & Leisure,RED HALL,1100L-C,Card,0.189,0.235,0.173,0.165,0.235,0.189,0.172,0.169,0.214,0.247,0.214,0.161
Learning & Leisure,HORSFORTH LIBRARY - LIB118,1100L-W,Gen Waste,0.222,0.229,0.214,0.193,0.214,0.257,0.206,0.204,0.242,0.213,0.204,0.254
Learning & Leisure,LEEDS MUSEUM DISCOVERY CENTRE,1100L-C,Card,0.108,0.124,0.081,0.096,0.12,0.101,0.135,0.081,0.043,0.085,0.081,0.074
Learning & Leisure,LEEDS MUSEUM DISCOVERY CENTRE,660L-W,Gen Waste,0.206,0.164,0.14,0.187,0.15,0.138,0.152,0.136,0.104,0.147,0.155,0.187
Learning & Leisure,THWAITE MILLS - MUS173,1100L-C,Card,0.11,0.116,0.084,0.1,0.077,0.102,0.083,0.081,0.051,0.093,0.104,0.098
Learning & Leisure,THWAITE MILLS - MUS173,1100L-W,Gen Waste,0.296,0.22,0.208,0.272,0.212,0.193,0.157,0.157,0.206,0.201,0.191,0.266
Learning & Leisure,HUNSLET LIBRARY (REAR) - LIB117,1100L-W,Gen Waste,0.287,0.215,0.197,1.0,,,,0.0,0.0,0.0,0.0,0.0
Learning & Leisure,HUNSLET LIBRARY (REAR) - LIB117,660L-W,Gen Waste,,,,0.173,0.137,0.157,0.142,0.139,0.177,0.144,0.154,0.034
Learning & Leisure,BELLE ISLE CENTRE - YS226,1100L-C,Card,0.116,0.115,0.108,0.093,0.088,0.072,0.14,0.091,0.056,0.091,0.102,0.064
Learning & Leisure,BELLE ISLE CENTRE - YS226,1100L-W,Gen Waste,0.305,0.205,0.199,0.269,0.197,0.221,0.198,0.199,0.278,0.221,0.197,0.268
Learning & Leisure,WEST ARDSLEY CENTRE - YS271,1100L-W,Gen Waste,0.274,0.057,,,,0.0,0.0,0.0,0.0,0.0,0.0,0.0
Learning & Leisure,SAILING CENTRE - SPO282,660L-W,Gen Waste,0.169,0.164,0.145,0.149,0.151,0.185,0.133,0.15,0.175,0.121,0.142,0.149
Learning & Leisure,NESFIELD OUTREACH - U8EYC191,1100L-W,Gen Waste,0.305,0.235,0.201,0.281,0.223,0.217,0.218,0.208,0.245,0.207,0.229,0.254
Learning & Leisure,ARDSLEY/TINGLEY LIBRARY,1100L-W,Gen Waste,0.303,0.298,0.205,1.0,,,,0.0,0.0,0.0,0.0,0.0
Learning & Leisure,ARDSLEY/TINGLEY LIBRARY,660L-W,Gen Waste,,,,0.144,0.139,0.144,0.185,0.142,0.106,0.14,0.134,0.153
Learning & Leisure,GUISELEY LIBRARY - LIB106,660L-W,Gen Waste,0.168,0.168,0.183,0.147,0.144,0.181,0.15,0.143,0.174,0.146,0.142,0.186
Learning & Leisure,LAUREL BANK EYC - SSEYC202,1100L-W,Gen Waste,0.228,0.225,0.215,0.258,0.199,0.219,0.217,0.209,0.267,0.221,0.208,0.257
Learning & Leisure,WETHERBY LEISURE CENTRE - SPO156,1100L-W,Gen Waste,0.58,0.439,0.416,0.503,0.407,0.418,0.549,0.404,0.53,0.386,0.39,0.395
Learning & Leisure,GARFORTH LEISURE CENTRE - SPO281,1100L-C,Card,0.116,0.118,0.093,0.098,0.09,0.084,0.124,0.085,0.085,0.096,0.093,0.079
Learning & Leisure,TUNSTALL ROAD CENTRE - YS270,1100L-C,Card,0.092,0.125,0.074,0.096,0.094,0.095,0.094,0.095,0.088,0.065,0.071,0.086
Learning & Leisure,TUNSTALL ROAD CENTRE - YS270,1100L-W,Gen Waste,0.337,0.244,0.208,0.241,0.208,0.197,0.22,0.205,0.171,0.252,0.197,0.207
Learning & Leisure,FIRTHFIELD EYC - (ANNE FLEGG),1100L-W,Gen Waste,0.271,0.29,0.196,0.208,0.214,0.207,0.265,0.209,0.151,0.198,0.215,0.197
Learning & Leisure,LOTHERTON BIRD GARDEN,1100L-W,Gen Waste,0.544,0.58,0.436,0.4,0.4,0.402,0.509,0.44,0.416,0.531,0.408,0.413
Learning & Leisure,LOTHERTON HALL - MUS176,660L-W,Gen Waste,0.216,0.204,0.147,0.132,0.143,0.133,0.164,0.143,0.141,0.195,0.068,0.0
Learning & Leisure,KIPPAX LIBRARY - LIB111,240L-W,Gen Waste,0.091,0.088,0.072,,,0.065,0.086,0.071,0.058,0.059,0.062,0.064
Learning & Leisure,NEIGHBOURHOOD JOB SHOP,240L-W,Gen Waste,0.077,0.097,0.055,,,0.065,0.072,0.061,0.07,0.061,0.065,0.028
Learning & Leisure,KIPPAX SPORTS CENTRE - SPO163,1100L-C,Card,0.121,0.128,0.094,0.095,0.117,0.078,0.133,0.095,0.076,0.103,0.119,0.105
Learning & Leisure,KIPPAX SPORTS CENTRE - SPO163,1100L-W,Gen Waste,0.554,0.449,0.392,0.451,0.426,0.414,0.482,0.382,0.397,0.412,0.422,0.412
Learning & Leisure,KIPPAX SPORTS CENTRE - SPO163,1100L-W,Gen Waste,,0.114,,,,,,0.0,0.0,0.0,0.0,0.0
Learning & Leisure,ROTHWELL LIBRARY - LIB104,360L-W,Gen Waste,0.176,0.171,0.115,0.122,0.106,0.118,0.141,0.118,0.088,0.12,0.116,0.108
Learning & Leisure,HOLBECK LIBRARY - LIB137,240L-W,Gen Waste,0.072,0.089,0.076,,,0.057,0.096,0.058,0.079,0.059,0.081,0.059
Learning & Leisure,TWO WILLOWS EYC - U8EYC199,1100L-C,Card,0.104,0.131,0.086,0.109,0.102,0.079,0.13,0.085,0.079,0.059,0.093,0.1
Learning & Leisure,TWO WILLOWS EYC - U8EYC199,1100L-W,Gen Waste,0.47,0.56,0.402,0.384,0.521,0.419,0.428,0.356,0.314,0.518,0.442,0.423
Learning & Leisure,ROTHWELL LC - SPO279,1100L-C,Card,0.095,0.124,0.106,0.097,0.092,0.084,0.112,0.091,0.077,0.092,0.102,0.113
Learning & Leisure,GILDERSOME MEETING HALL DMS - AET14,1100L-W,Gen Waste,0.216,0.287,0.194,0.259,0.204,0.217,0.258,0.191,0.247,0.196,0.174,0.229
Learning & Leisure,ARMLEY MILLS -  MUS174,1100L-W,Gen Waste,0.329,0.234,0.199,0.249,0.21,0.219,0.253,0.19,0.256,0.198,0.19,0.209
Learning & Leisure,ARMLEY MILLS -  MUS174,660L-C,Card,0.07,0.088,0.06,0.063,0.08,0.066,0.059,0.061,0.063,0.072,0.06,0.074
Learning & Leisure,ARMLEY LASER CENTRE - YS222,1100L-C,Card,0.097,0.125,0.094,0.088,0.106,0.104,0.114,0.092,0.093,0.095,0.09,0.093
Learning & Leisure,ARMLEY LASER CENTRE - YS222,1100L-W,Gen Waste,0.23,0.22,0.212,0.259,0.198,0.22,0.246,0.228,0.14,0.207,0.199,0.214
Learning & Leisure,ARMLEY LASER CENTRE - YS222,660L-W,Gen Waste,0.081,,,,,,,0.0,0.0,0.0,0.0,0.0
Learning & Leisure,ARMLEY EYC - OUTREACH CENTRE,1100L-W,Gen Waste,0.334,0.225,0.197,0.264,0.204,0.215,0.264,0.186,0.238,0.15,0.199,0.206
Learning & Leisure,GOTTS PARK MUNICIPAL GOLF CL - PK16,1100L-W,Gen Waste,0.342,0.243,0.191,0.248,0.208,0.206,0.271,0.212,0.217,0.208,0.199,0.21
Learning & Leisure,BRAMLEY CENTRE - YS227,1100L-C,Card,0.1,0.129,0.1,0.1,0.109,0.101,0.091,0.098,0.078,0.112,0.07,1.078
Learning & Leisure,BRAMLEY CENTRE - YS227,1100L-W,Gen Waste,0.223,0.292,0.214,0.216,0.263,0.224,0.215,0.207,0.157,0.282,0.211,0.215
Learning & Leisure,BRAMLEY CHILDRENS CENTRE - EDEYC206,1100L-C,Card,0.088,0.134,0.091,0.085,0.118,0.088,0.081,0.084,0.106,0.104,0.066,0.084
Learning & Leisure,BRAMLEY CHILDRENS CENTRE - EDEYC206,1100L-W,Gen Waste,0.295,0.29,0.223,0.198,0.251,0.204,0.202,0.209,0.156,0.26,0.221,0.2
Learning & Leisure,FARSLEY BRANCH LIBRARY - LIB103,1100L-W,Gen Waste,0.056,,,,,,,0.0,0.0,0.0,0.0,0.0
Learning & Leisure,PUDSEY CIVIC HALL,1100L-W,Gen Waste,0.054,,0.217,0.217,0.246,0.226,0.215,0.166,0.0,0.0,0.0,0.0
Learning & Leisure,BROAD LANE LIBRARY - LIB120,1100L-W,Gen Waste,0.063,,,,,,,0.0,0.0,0.0,0.0,0.0
Learning & Leisure,LANGBAR EYC - U8EYC189,1100L-C,Card,0.102,0.13,0.105,0.096,0.076,0.083,0.118,0.104,0.081,0.096,0.093,0.093
Learning & Leisure,LANGBAR EYC - U8EYC189,1100L-W,Gen Waste,0.34,0.244,0.214,0.275,0.211,0.207,0.262,0.212,0.254,0.193,0.212,0.198
Learning & Leisure,SEACROFT CC - U8EYC196,1100L-C,Card,0.069,0.13,0.085,0.094,0.094,0.099,0.052,0.1,0.017,0.073,0.039,0.035
Learning & Leisure,SEACROFT CC - U8EYC196,1100L-W,Gen Waste,0.283,0.235,0.197,0.272,0.203,0.216,0.261,0.194,0.254,0.201,0.213,0.22
Learning & Leisure,KENTMERE EYC - U8EYC187,1100L-C,Card,0.11,0.109,0.104,0.071,0.065,0.068,0.137,0.058,0.048,0.08,0.108,0.074
Learning & Leisure,KENTMERE EYC - U8EYC187,1100L-W,Gen Waste,0.568,0.448,0.412,0.532,0.403,0.41,0.541,0.455,0.517,0.41,0.44,0.433
Learning & Leisure,PUDSEY LIBRARY (REAR) - LIB109,1100L-W,Gen Waste,0.288,0.292,0.207,0.199,0.262,0.198,0.204,0.204,0.146,0.268,0.212,0.205
Learning & Leisure,TEMPLE NEWSAM HOUSE - MUS175,1100L-C,Card,0.101,0.13,0.083,0.076,0.068,0.092,0.124,0.107,0.076,0.089,0.089,0.11
Learning & Leisure,TEMPLE NEWSAM HOUSE - MUS175,1100L-W,Gen Waste,0.297,0.218,0.213,0.245,0.203,0.191,0.258,0.216,0.284,0.205,0.217,0.216
Learning & Leisure,SWINNOW LIBRARY - LIB136,1100L-W,Gen Waste,0.064,,,,,,,0.0,0.0,0.0,0.0,0.0
Learning & Leisure,BURLEY LIBRARY - LIB133,360L-W,Gen Waste,,,,0.121,0.088,0.149,0.048,0.03,0.12,0.032,0.061,0.13
Learning & Leisure,MOOR ALLERTON LIBRARY - LIB116,360L-C,Card,0.038,0.035,0.033,0.02,0.034,0.027,0.033,0.024,0.021,0.016,0.015,0.025
Learning & Leisure,QUARRY MOUNT CHILDRENS CENTRE,1100L-W,Gen Waste,0.219,0.221,0.227,0.189,0.223,0.252,0.161,0.208,0.248,0.213,0.129,0.251
Learning & Leisure,WHINMOOR LIBRARY - LIB126,1100L-W,Gen Waste,0.059,,,,,,,0.0,0.0,0.0,0.0,0.0
Learning & Leisure,HEADINGLEY ANN CENTRE - YS238,360L-W,Gen Waste,0.139,0.141,0.118,0.114,0.118,0.15,0.084,0.114,0.159,0.117,0.067,0.167
Learning & Leisure,SCHOOLS LIBRARY SERVICE,1100L-W,Gen Waste,0.232,0.231,0.193,0.206,0.193,0.276,0.152,0.189,0.255,0.204,0.152,0.247
Learning & Leisure,SEACROFT LIBRARY (SIDE) - LIB107,1100L-W,Gen Waste,0.276,0.225,0.218,0.282,0.204,0.212,0.274,0.213,0.269,0.22,0.218,0.222
Learning & Leisure,DENIS HEALEY CENTRE - YS232,1100L-W,Gen Waste,0.286,0.226,0.187,0.281,0.195,0.229,0.24,0.141,0.269,0.189,0.215,0.148
Learning & Leisure,GARFORTH LEISURE CENTRE - SPO281,1100L-W,Gen Waste,,0.061,,,,,,0.0,0.0,0.0,0.0,0.0
Learning & Leisure,HALTON LIBRARY - LIB139,1100L-W,Gen Waste,0.294,0.228,0.197,0.263,0.258,1.157,0.0,0.0,0.0,0.0,0.0,0.0
Learning & Leisure,CROSSGATES LIBRARY - LIB119,1100L-W,Gen Waste,0.273,0.235,0.208,0.268,0.211,0.207,0.263,0.206,0.255,0.201,0.226,0.204
Learning & Leisure,BEESTON LIBRARY,660L-C,Card,,0.07,0.066,0.061,0.064,0.056,0.064,0.061,0.046,0.066,0.044,0.015
Learning & Leisure,BEESTON LIBRARY,660L-W,Gen Waste,,0.17,0.147,0.15,0.174,0.146,0.15,0.146,0.11,0.154,0.138,0.041
Learning & Leisure,RICHMOND HILL EYC - U8EYC193,1100L-C,Card,,,,,,0.066,0.11,0.1,0.083,0.073,0.096,0.086
Learning & Leisure,LIBRARY HQ - LIB127,1100L-C,Card,,,,,,0.0,,0.0,0.0,0.0,0.0,0.0
Learning & Leisure,PUDSEY LIBRARY (REAR) - LIB109,1100L-C,Card,,,,,,0.066,0.071,0.091,0.104,0.122,0.132,0.083
Learning & Leisure,QUARRY MOUNT CHILDRENS CENTRE,1100L-C,Card,,,,,,0.074,0.069,0.084,0.087,0.085,0.092,0.063
Learning & Leisure,SEACROFT LIBRARY (SIDE) - LIB107,1100L-C,Card,,,,,,0.06,0.119,0.116,0.071,0.081,0.087,0.058
Learning & Leisure,NEIGHBOURHOOD JOB SHOP,240L-C,Card,,,,,,0.0,0.0,0.0,0.0,0.0,0.0,0.0
Learning & Leisure,WEST YORKSHIRE ARCHIVES DEPT - LIB1,240L-C,Card,,,,,,0.0,0.0,0.0,0.0,0.0,0.023,0.0
Learning & Leisure,YEADON LIBRARY - LIB219,360L-C,Card,,,,,,0.017,0.026,0.022,0.03,0.018,0.022,0.039
Learning & Leisure,GARFORTH LIBRARY (REAR) - LIB110,360L-C,Card,,,,,,0.003,0.027,0.026,0.014,0.009,0.0,0.0
Learning & Leisure,ROTHWELL LIBRARY - LIB104,360L-C,Card,,,,,,0.003,0.009,0.029,0.02,0.023,0.132,0.037
Learning & Leisure,HEADINGLEY ANN CENTRE - YS238,360L-C,Card,,,,,,0.009,0.03,0.023,0.019,0.024,0.027,0.04
Learning & Leisure,HOVINGHAM PRIMARY SCHOOL - PORTACABIN,360L-W,Gen Waste,,,,,,,0.03,0.091,0.155,0.108,0.053,0.133
Learning & Leisure,EAST LEEDS LEISURE CENTRE - SPO158,660L-C,Card,,,,,,,0.014,0.058,0.064,0.067,0.067,0.075
Learning & Leisure,COMPTON ROAD LIBRARY - LIB140,660L-C,Card,,,,,,0.0,0.0,0.0,0.0,0.0,0.0,0.0
Learning & Leisure,HUNSLET LIBRARY (REAR) - LIB117,660L-C,Card,,,,,,0.016,0.046,0.0,0.0,0.0,0.0,0.0
Learning & Leisure,GUISELEY LIBRARY - LIB106,660L-C,Card,,,,,,0.028,0.058,0.069,0.064,0.062,0.066,0.083
Learning & Leisure,HALTON LIBRARY - LIB139,660L-C,Card,,,,,,0.017,0.071,0.061,0.052,0.069,0.045,0.066
Learning & Leisure,EAST LEEDS LEISURE CENTRE - SPO158,660L-W,Gen Waste,,,,,,,0.074,0.637,0.998,0.966,0.854,0.879
Learning & Leisure,CALVERLEY LIBRARY - S067160,660L-W,Gen Waste,,,,,,,0.0,0.0,0.0,0.0,0.0,0.0
Learning & Leisure,HALTON LIBRARY - LIB139,660L-W,Gen Waste,,,,,,0.031,0.178,0.133,0.179,0.148,0.139,0.154
Learning & Leisure,MORLEY EARLEY YEARS - TRGEYC218,660L-W,Gen Waste,,,,,,,,0.289,0.222,1.0,0.0,0.0
Learning & Leisure,LOTHERTON HALL - MUS176,660L-C,Card,,,,,,,,0.063,0.064,0.075,0.029,0.0
Learning & Leisure,IYSS YOUTH HUB,1100L-W,Gen Waste,,,,,,,,0.0,0.191,0.046,0.147,0.171
Learning & Leisure,MORLEY PUBLIC LIBRARY (REAR) - LIB1,1100L-W,Gen Waste,,,,,,,,,,0.0,0.0,0.0
Learning & Leisure,LEEDS C C - EVENTS TEAM,1100L-W,Gen Waste,,,,,,,,,,0.0,0.0,0.147
Resources,TRANSPORT AGENCY 36370,1100L-C,Card,0.117,0.121,0.089,0.098,0.095,0.091,0.102,0.073,0.087,0.097,0.071,0.098
Resources,TRANSPORT AGENCY 36370,1100L-W,Gen Waste,0.561,0.437,0.421,0.538,0.408,0.436,0.406,0.442,0.522,0.41,0.418,0.509
Resources,WESTLAND ROAD DEPOT 77400,1100L-C,Card,0.104,0.112,0.087,0.079,0.109,0.092,0.112,0.103,0.076,0.087,0.097,0.103
Resources,WESTLAND ROAD DEPOT 77400,1100L-W,Gen Waste,0.329,0.22,0.218,0.232,0.209,0.202,0.265,0.207,0.27,0.218,0.169,0.217
Resources,SECURITY SERVICES,1100L-W,Gen Waste,0.357,0.233,0.213,0.279,0.199,0.211,0.25,0.197,0.262,0.196,0.162,0.16
Resources,CITY SERVICES - PROPERTY MAINTENANC,1100L-C,Card,0.195,0.235,0.195,0.174,0.173,0.184,0.218,0.17,0.123,0.142,0.158,0.165
Resources,CITY SERVICES - PROPERTY MAINTENANC,1100L-W,Gen Waste,0.615,0.454,0.429,0.506,0.439,0.409,0.515,0.424,0.529,0.43,0.409,0.465
Resources,CLEANING & SERVICES(CITY PRINT),1100L-W,Gen Waste,0.861,0.447,0.576,0.782,0.65,0.65,0.776,0.598,0.81,0.6,0.633,0.595
Resources,SECURITY SERVICES,1100L-C,Card,,,,,,0.068,0.087,0.071,0.103,0.111,0.08,0.079
Social Care,CLIFFORD BROOKE CTR 327 - Q897660,1100L-C,Card,0.1,0.137,0.09,1.051,,,,0.0,0.0,0.0,0.0,0.0
Social Care,CLIFFORD BROOKE CTR 327 - Q897660,1100L-W,Gen Waste,0.682,0.677,0.617,3.498,,,,0.0,0.0,0.0,0.0,0.0
Social Care,ROTHWELL- A T C - S064341,1100L-C,Card,0.093,0.113,0.098,0.102,0.086,0.093,0.11,0.09,0.055,0.081,0.095,0.115
Social Care,ROTHWELL- A T C - S064341,1100L-C,Card,0.095,0.113,0.105,0.105,0.076,0.108,0.134,0.106,0.044,0.112,0.105,0.117
Social Care,ROTHWELL- A T C - S064341,1100L-W,Gen Waste,0.592,0.566,0.396,0.419,0.426,0.406,0.514,0.413,0.306,0.411,0.419,0.412
Social Care,SIEGEN MANOR HOP AND CENTRE - 169,1100L-C,Card,0.105,0.132,0.084,0.09,0.106,0.099,0.1,0.097,0.09,0.102,0.083,0.107
Social Care,SIEGEN MANOR HOP AND CENTRE - 169,1100L-W,Gen Waste,0.454,0.561,0.422,0.43,0.494,0.408,0.444,0.421,0.411,0.566,0.39,0.583
Social Care,SPEN CROFT HOSTEL - Q884463,1100L-C,Card,0.104,0.12,0.102,0.092,0.107,0.092,0.065,0.087,0.073,0.118,0.065,0.1
Social Care,SPEN CROFT HOSTEL - Q884463,1100L-W,Gen Waste,0.229,0.229,0.226,0.215,0.22,0.269,0.152,0.214,0.26,0.205,0.115,0.256
Social Care,AMBERTON COURT - S065890,1100L-C,Card,0.103,0.111,0.097,0.099,0.087,0.1,0.125,0.085,0.098,0.075,0.093,0.093
Social Care,AMBERTON COURT - S065890,1100L-W,Gen Waste,0.825,0.696,0.662,0.804,0.618,0.63,0.62,0.643,0.758,0.608,0.573,0.747
Social Care,WHITE ROSE HOUSE - 2,1100L-C,Card,0.094,0.11,0.108,0.084,0.106,0.096,0.087,0.087,0.092,0.102,0.084,0.084
Social Care,WHITE ROSE HOUSE - 2,1100L-W,Gen Waste,0.437,0.446,0.437,0.398,0.401,0.522,0.324,0.411,0.539,0.416,0.305,0.493
Social Care,RIDGESIDE,1100L-W,Gen Waste,0.68,0.677,0.615,0.622,0.604,0.795,0.463,0.622,0.531,0.421,0.319,0.395
Social Care,EASTMOOR CSU - 126 - S066405,1100L-C,Card,0.192,0.228,0.193,0.196,0.194,0.168,0.177,0.191,0.169,0.207,0.276,0.188
Social Care,EASTMOOR CSU - 126 - S066405,1100L-W,Gen Waste,1.408,1.372,1.233,1.718,1.648,1.924,1.234,1.672,2.149,1.685,1.698,2.132
Social Care,WYKEBECK VALLEY DC - 317,1100L-C,Card,0.093,0.13,0.067,0.078,0.111,0.082,0.107,0.081,0.068,0.114,0.095,0.094
Social Care,WYKEBECK VALLEY DC - 317,1100L-W,Gen Waste,0.275,0.23,0.229,0.278,0.195,0.208,0.215,0.193,0.255,0.221,0.139,0.247
Social Care,LINCOLNFIELDS DC - 501 - S063821,1100L-C,Card,0.102,0.139,0.082,0.074,0.082,0.094,0.106,0.09,0.06,0.079,0.096,0.079
Social Care,LINCOLNFIELDS DC - 501 - S063821,1100L-W,Gen Waste,0.296,0.223,0.203,0.255,0.195,0.197,0.213,0.217,0.246,0.202,0.159,0.26
Social Care,SQUIRREL WAY - 82 Q892331,1100L-C,Card,0.128,0.113,0.096,0.099,0.112,0.099,0.096,0.094,0.083,0.121,0.077,0.106
Social Care,SQUIRREL WAY - 82 Q892331,1100L-W,Gen Waste,1.053,1.144,0.837,0.836,1.065,0.823,0.816,0.834,0.641,1.079,0.84,0.83
Social Care,OSMONDTHORPE RES CTR - 331 Q892091,1100L-C,Card,0.113,0.113,0.095,0.103,0.082,0.087,0.117,0.085,0.06,0.1,0.091,0.111
Social Care,OSMONDTHORPE RES CTR - 331 Q892091,1100L-W,Gen Waste,0.452,0.459,0.442,0.491,0.409,0.379,0.431,0.412,0.421,0.429,0.4,0.52
Social Care,CALVERLANDS DC - 516,1100L-C,Card,0.096,0.118,0.099,0.087,0.122,0.088,0.103,0.092,0.074,0.13,0.09,0.11
Social Care,CALVERLANDS DC - 516,1100L-W,Gen Waste,0.225,0.235,0.202,0.193,0.216,0.257,0.222,0.225,0.246,0.189,0.204,0.269
Social Care,HORSFORTH - 359 - Q895809,1100L-C,Card,0.102,0.141,0.076,0.102,0.099,0.091,0.104,0.09,0.079,0.126,0.093,0.09
Social Care,HORSFORTH - 359 - Q895809,1100L-W,Gen Waste,0.466,0.447,0.412,0.408,0.39,0.526,0.414,0.493,0.505,0.417,0.317,0.531
Social Care,WEST ARDSLEY  ATC- S065913,1100L-C,Card,0.096,0.128,0.106,0.105,0.101,0.106,0.062,0.069,0.055,0.09,0.1,0.084
Social Care,WEST ARDSLEY  ATC- S065913,1100L-W,Gen Waste,1.165,1.121,0.821,0.827,0.808,0.859,1.001,0.826,0.595,0.809,0.6,0.788
Social Care,ROOS COURT - 235 - Q859440,1100L-W,Gen Waste,0.459,0.442,0.423,0.438,0.453,0.535,0.418,0.424,0.527,0.452,0.439,0.513
Social Care,MOOR END TC - 358 - Q896765,1100L-C,Card,0.1,0.114,0.076,0.087,0.092,0.085,0.121,0.097,0.078,0.086,0.091,0.088
Social Care,MOOR END TC - 358 - Q896765,1100L-W,Gen Waste,0.568,0.457,0.401,0.5,0.427,0.417,0.41,0.41,0.531,0.415,0.422,0.499
Social Care,MAWCROFT GRANGE - 234,1100L-W,Gen Waste,0.441,0.464,0.409,0.45,0.428,0.554,0.413,0.437,0.517,0.401,0.436,0.566
Social Care,HEALEY CROFT - 229,1100L-W,Gen Waste,0.572,0.578,0.426,0.398,0.411,0.409,0.522,0.424,0.405,0.397,0.306,0.412
Social Care,BROOM COURT - 242 S066401,1100L-C,Card,0.106,0.131,0.079,0.096,0.092,0.086,0.128,0.083,0.075,0.081,0.09,0.077
Social Care,BROOM COURT - 242 S066401,1100L-W,Gen Waste,0.843,0.692,0.593,0.783,0.617,0.511,0.638,0.648,0.772,0.618,0.549,0.751
Social Care,COTTINGLEY COURT - 253,1100L-W,Gen Waste,0.665,0.847,0.604,0.629,0.771,0.607,0.638,0.627,0.815,0.639,0.552,0.798
Social Care,SPRING GARDENS - 162 Q895017,1100L-W,Gen Waste,0.433,0.44,0.531,0.4,0.433,0.506,0.417,0.402,0.519,0.393,0.42,0.528
Social Care,SPRING GARDENS ANNEXE - S063961,1100L-W,Gen Waste,0.212,0.227,0.266,0.23,0.209,0.259,0.217,0.198,0.25,0.229,0.213,0.247
Social Care,SPRINGFIELD DC - 519 - S066010,1100L-C,Card,0.111,0.124,0.104,0.076,0.088,0.105,0.096,0.091,0.07,0.082,0.087,0.088
Social Care,SPRINGFIELD DC - 519 - S066010,1100L-W,Gen Waste,0.332,0.221,0.2,0.255,0.216,0.201,0.216,0.212,0.28,0.208,0.198,0.251
Social Care,INGLEWOOD - 46 - S066331,1100L-W,Gen Waste,0.455,0.467,0.527,0.403,0.427,0.515,0.394,0.416,0.504,0.424,0.454,0.545
Social Care,HARRY BOOTH HOUSE - S063957,1100L-C,Card,0.096,0.117,0.098,0.067,0.089,0.08,0.097,0.095,0.097,0.066,0.089,0.077
Social Care,HARRY BOOTH HOUSE - S063957,1100L-W,Gen Waste,0.66,0.862,0.639,0.643,0.759,0.636,0.604,0.664,0.67,0.822,0.62,0.597
Social Care,TEMPLARS CROFT - 233 - S065942,1100L-W,Gen Waste,0.603,0.448,0.401,0.509,0.398,0.4,0.496,0.435,0.543,0.44,0.43,0.433
Social Care,GRANGE COURT - S063964,1100L-C,Card,0.123,0.117,0.111,0.088,0.089,0.08,0.109,0.099,0.11,0.065,0.088,0.102
Social Care,GRANGE COURT - S063964,1100L-W,Gen Waste,0.56,0.558,0.417,0.407,0.422,0.399,0.535,0.421,0.398,0.419,0.418,0.415
Social Care,MARINERS DC - 332 - S066141,1100L-C,Card,0.106,0.124,0.09,0.098,0.099,0.098,0.114,0.08,0.067,0.082,0.078,0.085
Social Care,MARINERS DC - 332 - S066141,1100L-W,Gen Waste,0.462,0.575,0.412,0.421,0.503,0.408,0.417,0.434,0.336,0.499,0.341,0.426
Social Care,PARKLEES HOP -,1100L-C,Card,0.098,0.119,0.091,0.105,0.083,0.098,0.095,0.08,0.108,0.103,0.096,0.096
Social Care,PARKLEES HOP -,1100L-W,Gen Waste,0.467,0.561,0.422,0.401,0.507,0.438,0.403,0.324,0.439,0.427,0.351,0.478
Social Care,YOUTH JUSTICE SERVICE,1100L-W,Gen Waste,0.341,0.221,0.199,0.265,0.222,0.225,0.275,0.208,0.24,0.222,0.174,0.207
Social Care,YOUTH OFFENDING TEAM,1100L-C,Card,0.105,0.129,0.1,0.073,0.1,0.088,0.114,0.099,0.073,0.094,0.082,0.1
Social Care,YOUTH OFFENDING TEAM,1100L-W,Gen Waste,0.361,0.238,0.222,0.284,0.189,0.196,0.251,0.217,0.265,0.207,0.208,0.217
Social Care,WINDLESFORD GREEN - 232,1100L-W,Gen Waste,0.578,0.571,0.424,0.423,0.411,0.43,0.52,0.425,0.419,0.412,0.439,0.408
Social Care,MIDDLECROSS DC - 512 - S065939,1100L-C,Card,0.102,0.143,0.092,0.084,0.104,0.103,0.086,0.092,0.097,0.108,0.085,0.102
Social Care,MIDDLECROSS DC - 512 - S065939,1100L-W,Gen Waste,0.348,0.217,0.228,0.259,0.198,0.221,0.279,0.202,0.252,0.219,0.264,0.23
Social Care,MIDDLECROSS - HOP,1100L-W,Gen Waste,0.687,0.461,0.391,0.504,0.415,0.394,0.506,0.411,0.537,0.412,0.415,0.443
Social Care,KNOWLE MANOR - S064208,1100L-W,Gen Waste,0.695,0.883,0.62,0.632,0.808,0.625,0.618,0.602,0.624,0.777,0.483,0.624
Social Care,BRAMLEY TC - 362 - S066251,1100L-C,Card,0.105,0.137,0.098,0.102,0.118,0.103,0.101,0.097,0.103,0.112,0.05,0.119
Social Care,BRAMLEY TC - 362 - S066251,1100L-W,Gen Waste,0.45,0.57,0.411,0.421,0.564,0.4,0.42,0.395,0.309,0.511,0.416,0.429
Social Care,SIEGEN DC 325 - S064988,1100L-W,Gen Waste,0.223,0.286,0.206,0.23,0.246,0.212,0.205,0.2,0.154,0.259,0.197,0.228
Social Care,HOUGH LANE CENTRE,1100L-C,Card,0.108,0.123,0.119,0.099,0.132,0.097,0.108,0.1,0.087,0.104,0.053,0.119
Social Care,HOUGH LANE CENTRE,1100L-W,Gen Waste,0.5,0.568,0.448,0.419,0.514,0.413,0.426,0.438,0.432,0.491,0.42,0.454
Social Care,RICHMOND HOUSE - S065911,1100L-W,Gen Waste,0.702,0.825,0.66,0.62,0.796,1.491,0.427,0.407,0.396,0.538,0.4,0.409
Social Care,GREEN THE DC - S066593,1100L-C,Card,0.098,0.134,0.112,0.091,0.088,0.116,0.101,0.083,0.081,0.087,0.082,0.07
Social Care,GREEN THE DC - S066593,1100L-W,Gen Waste,0.3,0.226,0.219,0.238,0.2,0.199,0.29,0.196,0.27,0.211,0.23,0.152
Social Care,MUSGRAVE COURT - 168 - S066540,1100L-W,Gen Waste,0.562,0.566,0.434,0.366,0.487,0.417,0.432,0.409,0.322,0.522,0.436,0.412
Social Care,GANNERS GREEN - 66 - Q874398,360L-W,Gen Waste,0.278,0.338,0.237,0.248,0.29,0.229,0.219,0.253,0.241,0.301,0.205,0.243
Social Care,BAILEYS HOUSE - 238 - Q888998,1100L-C,Card,0.08,0.127,0.086,0.097,0.111,0.105,0.115,0.085,0.078,0.079,0.076,0.08
Social Care,BAILEYS HOUSE - 238 - Q888998,1100L-W,Gen Waste,0.847,0.67,0.618,0.78,0.622,0.604,0.769,0.605,0.798,0.621,0.602,0.593
Social Care,ROSSEDENE - 231 - Q849090,1100L-W,Gen Waste,0.686,0.866,0.624,0.594,0.799,0.6,0.655,0.61,0.64,0.792,0.602,0.646
Social Care,SPEN CROFT HOSTEL - Q884463,1100L-W,Gen Waste,0.235,0.228,0.212,0.195,0.205,0.249,0.214,0.213,0.274,0.21,0.132,0.254
Social Care,DELPH MANOR - 230 - Q829527,1100L-W,Gen Waste,1.108,0.896,0.868,0.824,0.836,1.057,0.664,0.779,1.066,0.886,0.63,1.069
Social Care,GREEN THE - 176 - S066593,1100L-W,Gen Waste,0.554,0.467,0.392,0.53,0.421,0.406,0.522,0.427,0.516,0.401,0.407,0.44
Social Care,POTTERNEWTON - 367 - S063891,1100L-W,Gen Waste,0.682,0.694,0.627,0.653,0.622,0.787,0.458,0.561,0.771,0.629,0.613,0.752
Social Care,EASDALE CLOSE,360L-W,Gen Waste,0.346,0.278,0.247,0.293,0.235,0.241,0.291,0.222,0.304,0.236,0.222,0.261
Social Care,PINFOLDS - 243,1100L-C,Card,0.09,0.129,0.086,0.084,0.094,0.09,0.082,0.091,0.082,0.09,0.11,0.096
Social Care,PINFOLDS - 243,1100L-W,Gen Waste,0.56,0.452,0.44,0.496,0.387,0.435,0.546,0.4,0.533,0.405,0.423,0.437
Social Care,BROOKSBANK - 141 Q893778,1100L-C,Card,0.097,0.118,0.077,0.093,0.089,0.063,0.046,0.056,0.025,0.021,0.0,0.0
Social Care,BROOKSBANK - 141 Q893778,1100L-W,Gen Waste,0.575,0.456,0.452,0.513,0.403,0.434,0.536,0.42,0.491,0.313,0.397,0.428
Social Care,RADCLIFFE LANE DC -  S066696,1100L-C,Card,0.11,0.127,0.094,0.107,0.14,0.093,0.046,0.07,0.112,0.096,0.037,0.092
Social Care,RADCLIFFE LANE DC -  S066696,1100L-W,Gen Waste,0.294,0.268,0.201,0.21,0.266,0.2,0.202,0.225,0.155,0.234,0.179,0.225
Social Care,BURLEY WILLOWS - 170 - S064513,1100L-C,Card,0.1,0.128,0.09,0.104,0.113,0.098,0.092,0.084,0.093,0.146,0.103,0.09
Social Care,BURLEY WILLOWS - 170 - S064513,1100L-W,Gen Waste,0.668,0.44,0.422,0.53,0.428,0.402,0.558,0.425,0.503,0.445,0.427,0.415
Social Care,LUTTRELL CRESCENT - 72,660L-W,Gen Waste,0.158,0.164,0.149,0.132,0.148,0.178,0.107,0.14,0.194,0.148,0.134,0.14
Social Care,CRISIS CENTRE - 353 - Q900405,1100L-C,Card,0.082,0.136,0.085,0.077,0.101,0.088,0.098,0.091,0.1,0.113,0.071,0.091
Social Care,CRISIS CENTRE - 353 - Q900405,1100L-W,Gen Waste,0.227,0.213,0.222,0.198,0.206,0.261,0.163,0.212,0.268,0.202,0.177,0.27
Social Care,IVESON APPROACH - 68 - Q882007,1100L-W,Gen Waste,0.226,0.235,0.212,0.216,0.213,0.246,0.169,0.221,0.052,0.0,0.0,0.0
Social Care,RAYNELL DRIVE - 444 Q862300,1100L-W,Gen Waste,,,,0.212,0.205,0.307,0.145,0.202,0.26,0.226,0.205,0.206
Social Care,RAYNELL DRIVE - 444 Q862300,660L-W,Gen Waste,0.162,0.17,0.139,1.0,,,,0.0,0.0,0.0,0.0,0.0
Social Care,WOODHOUSE DC - S063840,1100L-C,Card,0.097,0.128,0.083,0.109,0.103,0.087,0.097,0.104,0.092,0.124,0.094,0.11
Social Care,WOODHOUSE DC - S063840,1100L-W,Gen Waste,0.214,0.212,0.237,0.214,0.218,0.281,0.145,0.223,0.26,0.208,0.147,0.263
Social Care,QUEENSWOOD DRIVE DC - S065697,1100L-C,Card,0.099,0.113,0.085,0.093,0.113,0.09,0.081,0.077,0.08,0.136,0.049,0.103
Social Care,QUEENSWOOD DRIVE DC - S065697,1100L-W,Gen Waste,0.227,,,,,,,0.0,0.0,0.0,0.0,0.0
Social Care,QUEENSWOOD DRIVE DC - S065697,660L-W,Gen Waste,,0.164,0.153,0.144,0.142,0.18,0.104,0.141,0.18,0.142,0.085,0.197
Social Care,RIDGESIDE,240L-W,Gen Waste,0.294,0.309,0.129,,,0.168,0.1,0.138,0.155,0.109,0.14,0.139
Social Care,RIDGESIDE - BETHANY,240L-W,Gen Waste,0.07,0.074,0.072,,,0.08,0.039,0.061,0.081,0.064,0.042,0.065
Social Care,FREDERICK HURDLE DC - 509 Q894243,1100L-C,Card,0.103,0.123,0.095,0.11,0.116,0.087,0.102,0.064,0.089,0.097,0.065,0.088
Social Care,FREDERICK HURDLE DC - 509 Q894243,1100L-W,Gen Waste,0.22,0.229,0.22,0.212,0.203,0.26,0.166,0.225,0.254,0.362,0.222,0.206
Social Care,RIDGESIDE - HALFWAY HOUSE,240L-W,Gen Waste,0.075,0.067,0.058,,,0.078,0.051,0.057,0.069,0.058,0.053,0.069
Social Care,BODMIN ROAD 2 - 81,660L-W,Gen Waste,0.211,0.169,0.147,0.181,0.144,0.14,0.144,0.14,0.185,0.153,0.155,0.182
Social Care,BODMIN ROAD 4 - 70,660L-W,Gen Waste,0.212,0.167,0.154,0.18,0.143,0.139,0.152,0.134,0.186,0.127,0.192,0.18
Social Care,MANORFIELD HOUSE - 161 - Q897775,1100L-C,Card,0.109,0.13,0.098,0.082,0.14,0.083,0.091,0.095,0.113,0.072,0.088,0.092
Social Care,MANORFIELD HOUSE - 161 - Q897775,1100L-W,Gen Waste,0.446,0.44,0.421,0.397,0.407,0.497,0.425,0.425,0.512,0.419,0.427,0.513
Social Care,RICHMOND HILL DC - 322 S063822,1100L-W,Gen Waste,0.283,0.217,0.214,0.269,0.2,0.218,0.217,0.199,0.054,0.0,0.0,0.0
Social Care,JOSEPH STREET - 239 - S066530,1100L-W,Gen Waste,0.272,0.464,0.402,0.503,0.389,0.298,0.415,0.2,0.254,0.195,0.263,0.261
Social Care,THE VALE DC - 347 - S064298,1100L-C,Card,0.096,0.127,0.101,0.079,0.088,0.087,0.123,0.103,0.056,0.079,0.052,0.099
Social Care,THE VALE DC - 347 - S064298,1100L-W,Gen Waste,0.284,0.226,0.197,0.231,0.23,0.216,0.204,0.184,0.267,0.201,0.217,0.294
Social Care,LEE GRANGE - 251,1100L-W,Gen Waste,0.853,0.869,0.621,0.625,0.646,0.612,0.79,0.615,0.605,0.614,0.491,0.634
Social Care,LEE GRANGE - 251,240L-W,Gen Waste,0.09,0.094,1.02,,,0.0,0.0,0.0,0.0,0.0,0.0,0.0
Social Care,SUFFOLK COURT - 137 - Q894346,1100L-C,Card,0.099,0.139,0.082,0.114,0.082,0.098,0.059,0.109,0.104,0.123,0.175,0.079
Social Care,SUFFOLK COURT - 137 - Q894346,1100L-W,Gen Waste,0.447,0.47,0.419,0.388,0.431,0.519,0.396,0.406,0.491,0.416,0.42,0.532
Social Care,BELLE ISLE NEIGHBOURHOOD CENTRE - 9,660L-W,Gen Waste,0.207,0.166,0.286,0.34,0.15,0.151,0.148,0.141,0.184,0.143,0.143,0.183
Social Care,KIRKLAND HOUSE - 164 - S064209,1100L-C,Card,0.095,0.127,0.098,0.066,0.123,0.087,0.088,0.087,0.089,0.132,0.091,0.102
Social Care,KIRKLAND HOUSE - 164 - S064209,1100L-W,Gen Waste,0.44,0.465,0.416,0.431,0.436,0.547,0.415,0.411,0.539,0.405,0.411,0.534
Social Care,OLD MIDDLETON OFFICE,1100L-W,Gen Waste,0.276,0.222,0.21,0.277,0.202,1.155,0.0,0.0,0.0,0.0,0.0,0.0
Social Care,LAUREL BANK DC - S066161,1100L-C,Card,0.086,0.124,0.091,0.105,0.084,0.083,0.078,0.069,0.063,0.07,0.054,0.075
Social Care,LAUREL BANK DC - S066161,1100L-W,Gen Waste,0.235,0.211,0.214,0.256,0.208,0.206,0.201,0.203,0.263,0.228,0.218,0.273
Social Care,MIDDLETON ADVICE CENTRE - 594,1100L-C,Card,0.108,0.113,0.105,0.089,0.092,0.081,0.056,0.0,0.0,0.0,0.0,0.0
Social Care,MIDDLETON ADVICE CENTRE - 594,1100L-W,Gen Waste,0.293,0.243,0.205,0.267,0.188,0.213,0.21,0.201,0.253,0.212,0.22,0.257
Social Care,WETHERBY DAY SERVICES - S065123,1100L-W,Gen Waste,0.577,0.461,0.424,0.514,0.428,0.409,0.494,0.422,0.51,0.418,0.434,0.401
Social Care,PRIMROSE HILL - 171 S065699,1100L-W,Gen Waste,0.571,0.437,0.431,0.52,0.413,0.428,0.491,0.42,0.516,0.424,0.408,0.444
Social Care,FIRTHFIELDS DC - S065781,1100L-C,Card,0.121,0.097,0.081,0.098,0.081,0.089,0.12,0.09,0.055,0.104,0.092,0.079
Social Care,FIRTHFIELDS DC - S065781,1100L-W,Gen Waste,0.293,0.302,0.232,0.206,0.2,0.213,0.262,0.212,0.15,0.204,0.193,0.22
Social Care,BEWERLEY CROFT - 255 - S064200,1100L-C,Card,0.101,0.141,0.112,0.077,0.093,0.099,0.131,0.108,0.089,0.093,0.084,0.094
Social Care,BEWERLEY CROFT - 255 - S064200,1100L-W,Gen Waste,0.687,0.45,0.414,0.428,0.528,0.412,0.413,0.421,0.352,0.515,0.434,0.449
Social Care,HUNSLET HALL - 6,1100L-W,Gen Waste,0.462,0.573,0.399,0.436,0.515,0.424,0.411,0.386,0.333,0.508,0.359,0.42
Social Care,HUNSLET HALL - 6,660L-C,Card,0.108,0.082,0.061,0.048,0.056,0.051,0.078,0.064,0.054,0.067,0.057,0.076
Social Care,HOME LEA HOUSE - S064059,1100L-C,Card,0.102,0.115,0.076,0.094,0.089,0.089,0.128,0.1,0.069,0.095,0.089,0.098
Social Care,HOME LEA HOUSE - S064059,1100L-W,Gen Waste,0.859,0.836,0.597,0.577,0.62,0.644,0.785,0.593,0.591,0.639,0.637,0.596
Social Care,ROSE FARM DC - 314 - Q880559,1100L-C,Card,0.095,0.111,0.093,0.101,0.103,0.059,0.02,0.037,0.0,0.015,0.064,0.093
Social Care,ROSE FARM DC - 314 - Q880559,1100L-W,Gen Waste,0.559,0.553,0.413,0.406,0.434,0.416,0.552,0.406,0.316,0.431,0.432,0.393
Social Care,DOLPHIN MANOR - S065663,1100L-C,Card,0.11,0.117,0.09,0.101,0.088,0.081,0.12,0.093,0.043,0.09,0.083,0.068
Social Care,DOLPHIN MANOR - S065663,1100L-W,Gen Waste,0.855,0.824,0.616,0.645,0.646,0.618,0.765,0.619,0.642,0.646,0.72,0.645
Social Care,HOLBECK DC - S063712,1100L-C,Card,0.107,0.111,0.075,0.091,0.115,0.087,0.118,0.095,0.066,0.094,0.105,0.08
Social Care,HOLBECK DC - S063712,1100L-W,Gen Waste,0.289,0.289,0.203,0.213,0.284,0.208,0.251,0.199,0.275,0.206,0.213,0.184
Social Care,STOCKS HILL DC - 345 Q878493,1100L-C,Card,0.086,0.118,0.091,0.092,0.12,0.088,0.1,0.099,0.103,0.121,0.09,0.0
Social Care,STOCKS HILL DC - 345 Q878493,1100L-W,Gen Waste,0.348,0.238,0.21,0.252,0.205,0.212,0.258,0.208,0.274,0.214,0.175,0.05
Social Care,ACORN LODGE - Q890207,1100L-W,Gen Waste,0.34,0.23,0.202,0.252,0.216,0.234,0.257,0.203,0.207,0.201,0.19,0.219
Social Care,LEEDS CTR INTERGR LIV - 340 Q892988,1100L-C,Card,0.087,0.135,0.092,0.098,0.109,0.109,0.098,0.085,0.093,0.13,0.093,0.087
Social Care,LEEDS CTR INTERGR LIV - 340 Q892988,1100L-W,Gen Waste,0.563,0.517,0.445,0.47,0.483,0.429,0.464,0.381,0.372,0.405,0.435,0.41
Social Care,FARFIELD DC - S063922,660L-W,Gen Waste,0.165,0.206,0.144,0.138,0.171,0.132,0.15,0.076,0.0,0.0,0.0,0.0
Social Care,RAMSHEAD WOOD - 363,1100L-C,Card,0.111,0.123,0.1,0.1,0.073,0.086,0.1,0.097,0.078,0.1,0.083,0.091
Social Care,RAMSHEAD WOOD - 363,1100L-W,Gen Waste,0.568,0.463,0.414,0.519,0.411,0.42,0.49,0.427,0.509,0.416,0.424,0.435
Social Care,NABURN COURT DC - 316 - S066370,1100L-C,Card,0.091,0.141,0.093,0.099,0.082,0.09,0.112,0.101,0.084,0.11,0.095,0.051
Social Care,NABURN COURT DC - 316 - S066370,1100L-W,Gen Waste,0.278,0.233,0.212,0.245,0.205,0.199,0.232,0.201,0.249,0.19,0.22,0.214
Social Care,ST CATHERINES DRIVE - 77,1100L-W,Gen Waste,0.226,0.305,0.226,0.216,0.255,0.208,0.203,0.227,0.221,0.272,0.256,0.192
Social Care,FAIRVIEW - S066039,1100L-C,Card,0.109,0.126,0.082,0.09,0.09,0.096,0.125,0.11,0.069,0.076,0.101,0.068
Social Care,FAIRVIEW - S066039,1100L-W,Gen Waste,0.567,0.434,0.409,0.506,0.399,0.423,0.515,0.401,0.481,0.411,0.428,0.392
Social Care,BURLEY WILLOWS DC - 523,1100L-W,Gen Waste,0.337,0.228,0.191,0.265,0.219,0.222,0.239,0.209,0.26,0.201,0.15,0.193
Social Care,CROSSGATES LIBRARY,1100L-C,Card,0.108,0.126,0.093,0.086,0.09,0.071,0.108,0.108,0.067,0.099,0.096,0.077
Social Care,BRAMLEY LAWN DC - S063921,1100L-W,Gen Waste,0.222,0.296,0.185,0.205,0.284,0.211,0.2,0.217,0.143,0.261,0.193,0.199
Social Care,APNA DAY CENTRE - S064100,1100L-W,Gen Waste,0.222,0.221,0.21,0.21,0.176,0.26,0.156,0.215,0.198,0.215,0.221,0.246
Social Care,NORTHWEST LEEDS FAMILY RC - 69,240L-W,Gen Waste,0.146,0.16,0.126,,,0.168,0.11,0.135,0.151,0.125,0.062,0.128
Social Care,EAST LEEDS FAMILY RC  Q874041,1100L-W,Gen Waste,0.278,0.235,0.223,0.269,0.198,0.196,0.269,0.207,0.264,0.214,0.212,0.163
Social Care,FIRTHFIELDS DC - S065781,1100L-C,Card,,0.032,,,,,,0.0,0.0,0.0,0.0,0.0
Social Care,WOOD LANE,1100L-W,Gen Waste,0.218,0.227,0.217,0.226,0.188,0.256,0.169,0.196,0.288,0.226,0.053,0.275
Social Care,WOOD LANE,1100L-W,Gen Waste,0.101,0.224,0.205,0.2,0.217,0.247,0.153,0.2,0.264,0.189,0.061,0.263
Social Care,15 LAVENDER WALK,660L-C,Card,,0.09,0.062,0.056,0.062,0.065,0.083,0.053,0.056,0.058,0.062,0.069
Social Care,15 LAVENDER WALK,660L-W,Gen Waste,,0.166,0.14,0.184,0.145,0.145,0.138,0.139,0.167,0.148,0.119,0.179
Social Care,ROSEVILLE ENTERPRISE PARK,660L-C,Card,,,,0.057,0.08,0.067,0.048,0.06,0.052,0.071,0.063,0.065
Social Care,HUNSLET HALL ANNEX,360L-C,Card,,,,,0.01,0.027,0.019,0.029,0.011,0.022,0.021,0.039
Social Care,COTTINGLEY COURT - 253,1100L-C,Card,,,,,,0.068,0.108,0.089,0.06,0.08,0.098,0.02
Social Care,RICHMOND HOUSE - S065911,1100L-C,Card,,,,,,0.069,0.09,0.093,0.094,0.104,0.038,0.107
Social Care,JOSEPH STREET - 239 - S066530,1100L-C,Card,,,,,,0.0,,0.0,0.0,0.0,0.0,0.0
Social Care,BRAMLEY LAWN DC - S063921,1100L-C,Card,,,,,,0.081,0.095,0.091,0.065,0.127,0.107,0.106
Social Care,POTTERNEWTON - 367 - S063891,660L-C,Card,,,,,,0.013,1.028,0.0,0.0,0.0,0.0,0.0
Social Care,BODMIN ROAD 2 - 81,660L-C,Card,,,,,,0.011,0.074,0.054,0.047,0.06,0.063,0.022
Social Care,OLD MIDDLETON OFFICE,660L-C,Card,,,,,,0.019,0.083,0.07,0.046,0.06,0.067,0.019
Social Care,OLD MIDDLETON OFFICE,660L-W,Gen Waste,,,,,,0.036,0.145,0.148,0.18,0.14,0.049,0.043
Social Care,GREENHILL CENTRE - S069656,1100L-W,Gen Waste,,,,,,,,,,0.134,0.117,0.218
TBC,WESTHOLME - 183 - S066464,1100L-C,Card,0.088,0.109,0.096,0.119,0.119,0.09,0.109,0.1,0.077,0.118,0.09,0.071
TBC,WESTHOLME - 183 - S066464,1100L-W,Gen Waste,0.676,0.451,0.42,0.523,0.424,0.434,0.389,0.458,0.496,0.398,0.429,0.44
TBC,CITY ART GALLERY - MUS285,1100L-W,Gen Waste,0.872,0.752,0.646,0.714,0.694,0.682,0.641,0.612,0.689,0.696,0.649,0.781
TBC,LEEDS C C - EVENTS TEAM,1100L-W,Gen Waste,,1.074,2.22,0.18,0.456,0.58,0.155,11.162,16.847,0.68,1.497,1.426
TBC,LEEDS C C - EVENTS TEAM,240L-W,Gen Waste,,,5.09,,,,,0.038,0.0,0.0,0.0,0.0
TBC,LEEDS C C - EVENTS TEAM,360L-W,Gen Waste,,1.26,1.078,0.025,0.192,0.457,0.102,2.245,3.275,0.0,0.0,0.387
TBC,LEDSTON LUCK ENTERPRISE PARK,1100L-W,Gen Waste,,,,,,,,0.0,0.1,0.217,0.199,0.202
TBC,SANTA'S GROTTO - Z082275,1100L-W,Gen Waste,,,,,,,,,,1.0,0.0,0.0
W ALMO,HORSFORTH NHO,660L-W,Gen Waste,0.167,0.16,0.131,0.139,0.16,0.18,0.143,0.157,0.182,0.15,0.15,0.18
W ALMO,WESTFIELD CHAMBERS,1100L-W,Gen Waste,0.49,0.296,0.224,0.265,0.2,0.228,0.188,0.214,0.275,0.22,0.198,0.206
W ALMO,SILVER ROYD HILL,1100L-W,Gen Waste,0.335,0.225,0.245,0.257,0.217,0.198,0.227,0.202,0.261,0.188,0.206,0.199
W ALMO,PROGRESS HOUSE,1100L-W,Gen Waste,0.223,0.305,0.218,0.207,0.276,0.205,0.189,0.209,0.154,0.275,0.201,0.201
W ALMO,BRAMLEY NHO,1100L-W,Gen Waste,0.232,0.287,0.229,0.208,0.277,0.21,0.186,0.203,0.151,0.267,0.191,0.218
W ALMO,HOUSING REGISTER,360L-W,Gen Waste,0.141,0.133,0.126,0.111,0.109,0.137,0.097,0.091,0.14,0.13,0.135,0.12
W ALMO,WEETWOOD NHO,360L-W,Gen Waste,0.137,0.14,0.116,0.112,0.12,0.136,0.088,0.119,0.15,0.128,0.091,0.127
W ALMO,KIRKSTALL NHO,1100L-W,Gen Waste,0.36,0.241,0.203,0.243,0.201,0.212,0.261,0.21,0.251,0.212,0.18,0.202
W ALMO,WESTFIELD CHAMBERS,1100L-C,Card,,,,,,0.064,0.113,0.08,0.082,0.125,0.1,0.099
W ALMO,SILVER ROYD HILL,1100L-C,Card,,,,,,0.061,0.073,0.116,0.088,0.127,0.08,0.082
W ALMO,PROGRESS HOUSE,1100L-C,Card,,,,,,0.058,0.054,0.099,0.091,0.112,0.063,0.0
W ALMO,BRAMLEY NHO,1100L-C,Card,,,,,,0.09,0.108,0.092,0.078,0.119,0.101,0.089
W ALMO,KIRKSTALL NHO,1100L-C,Card,,,,,,0.086,0.085,0.09,0.083,0.06,0.098,0.078
W ALMO,WESTFIELD HOUSE,1100L-W,Gen Waste,,,,,,0.112,0.282,0.221,0.248,0.219,0.144,0.15
W ALMO,WEETWOOD NHO,360L-C,Card,,,,,,0.006,0.026,0.023,0.03,0.037,0.028,0.033
W ALMO,HORSFORTH NHO,660L-C,Card,,,,,,0.015,0.066,0.06,0.058,0.076,0.058,0.079
W ALMO,WORTLEY NHO,1100L-W,Gen Waste,,,,,,,,0.0,0.218,0.1,0.094,0.147
